#
# There is insufficient memory for the Java Runtime Environment to continue.
# Native memory allocation (mmap) failed to map 65536 bytes for Failed to commit metaspace.
# Possible reasons:
#   The system is out of physical RAM or swap space
#   The process is running with CompressedOops enabled, and the Java Heap may be blocking the growth of the native heap
# Possible solutions:
#   Reduce memory load on the system
#   Increase physical memory or swap space
#   Check if swap backing store is full
#   Decrease Java heap size (-Xmx/-Xms)
#   Decrease number of Java threads
#   Decrease Java thread stack sizes (-Xss)
#   Set larger code cache with -XX:ReservedCodeCacheSize=
#   JVM is running with Unscaled Compressed Oops mode in which the Java heap is
#     placed in the first 4GB address space. The Java Heap base address is the
#     maximum limit for the native heap growth. Please use -XX:HeapBaseMinAddress
#     to set the Java Heap base and to place the Java Heap above 4GB virtual address.
# This output file may be truncated or incomplete.
#
#  Out of Memory Error (virtualSpaceNode.cpp:112), pid=34712, tid=33380
#
# JRE version: Java(TM) SE Runtime Environment (21.0.6+8) (build 21.0.6+8-LTS-188)
# Java VM: Java HotSpot(TM) 64-Bit Server VM (21.0.6+8-LTS-188, mixed mode, emulated-client, sharing, tiered, compressed oops, compressed class ptrs, g1 gc, windows-amd64)
# No core dump will be written. Minidumps are not enabled by default on client versions of Windows
#

---------------  S U M M A R Y ------------

Command Line: -XX:TieredStopAtLevel=1 -Dspring.output.ansi.enabled=always -Dcom.sun.management.jmxremote -Dspring.jmx.enabled=true -Dspring.liveBeansView.mbeanDomain -Dspring.application.admin.enabled=true -Dmanagement.endpoints.jmx.exposure.include=* -javaagent:C:\Program Files\JetBrains\IntelliJ IDEA 2024.3.2.2\lib\idea_rt.jar=56914:C:\Program Files\JetBrains\IntelliJ IDEA 2024.3.2.2\bin -Dfile.encoding=UTF-8 -Dsun.stdout.encoding=UTF-8 -Dsun.stderr.encoding=UTF-8 com.programming.techie.gateway.ApiGatewayApplication

Host: AMD Ryzen 3 5300U with Radeon Graphics         , 8 cores, 5G,  Windows 11 , 64 bit Build 22621 (10.0.22621.4830)
Time: Thu Feb 27 13:23:29 2025 SE Asia Standard Time elapsed time: 9.261512 seconds (0d 0h 0m 9s)

---------------  T H R E A D  ---------------

Current thread (0x0000023519d9bfb0):  JavaThread "main"             [_thread_in_vm, id=33380, stack(0x0000009b22e00000,0x0000009b22f00000) (1024K)]

Stack: [0x0000009b22e00000,0x0000009b22f00000]
Native frames: (J=compiled Java code, j=interpreted, Vv=VM code, C=native code)
V  [jvm.dll+0x6ca6d9]
V  [jvm.dll+0x854f51]
V  [jvm.dll+0x85747e]
V  [jvm.dll+0x857b53]
V  [jvm.dll+0x27dcc6]
V  [jvm.dll+0x850b6e]
V  [jvm.dll+0x66e3e5]
V  [jvm.dll+0x1e3f1c]
V  [jvm.dll+0x1e3cee]
V  [jvm.dll+0x670d13]
V  [jvm.dll+0x670b32]
V  [jvm.dll+0x66edbe]
V  [jvm.dll+0x269510]
V  [jvm.dll+0x2156a7]
V  [jvm.dll+0x20affe]
V  [jvm.dll+0x5ad2ec]
V  [jvm.dll+0x7cf136]
V  [jvm.dll+0x470c46]
V  [jvm.dll+0x476ac8]
C  [java.dll+0x17ec]

Java frames: (J=compiled Java code, j=interpreted, Vv=VM code)
J 1277  java.lang.ClassLoader.defineClass1(Ljava/lang/ClassLoader;Ljava/lang/String;[BIILjava/security/ProtectionDomain;Ljava/lang/String;)Ljava/lang/Class; java.base@21.0.6 (0 bytes) @ 0x00000235226b0591 [0x00000235226b04c0+0x00000000000000d1]
J 1658 c1 java.lang.ClassLoader.defineClass(Ljava/lang/String;[BIILjava/security/ProtectionDomain;)Ljava/lang/Class; java.base@21.0.6 (43 bytes) @ 0x000002352275c0fc [0x000002352275bfe0+0x000000000000011c]
J 1570 c1 jdk.internal.loader.BuiltinClassLoader.defineClass(Ljava/lang/String;Ljdk/internal/loader/Resource;)Ljava/lang/Class; java.base@21.0.6 (121 bytes) @ 0x0000023522736194 [0x0000023522735c40+0x0000000000000554]
J 1566 c1 jdk.internal.loader.BuiltinClassLoader.findClassOnClassPathOrNull(Ljava/lang/String;)Ljava/lang/Class; java.base@21.0.6 (64 bytes) @ 0x0000023522731f34 [0x0000023522731c60+0x00000000000002d4]
J 1177 c1 jdk.internal.loader.BuiltinClassLoader.loadClassOrNull(Ljava/lang/String;Z)Ljava/lang/Class; java.base@21.0.6 (143 bytes) @ 0x0000023522684d7c [0x0000023522684980+0x00000000000003fc]
J 1357 c1 jdk.internal.loader.ClassLoaders$AppClassLoader.loadClass(Ljava/lang/String;Z)Ljava/lang/Class; java.base@21.0.6 (40 bytes) @ 0x00000235226d350c [0x00000235226d34c0+0x000000000000004c]
J 1356 c1 java.lang.ClassLoader.loadClass(Ljava/lang/String;)Ljava/lang/Class; java.base@21.0.6 (7 bytes) @ 0x00000235226d3194 [0x00000235226d3140+0x0000000000000054]
v  ~StubRoutines::call_stub 0x000002352221100d
j  org.springframework.security.config.annotation.web.configuration.HttpSecurityConfiguration.httpSecurity()Lorg/springframework/security/config/annotation/web/builders/HttpSecurity;+12
j  java.lang.invoke.DirectMethodHandle$Holder.invokeVirtual(Ljava/lang/Object;Ljava/lang/Object;)Ljava/lang/Object;+10 java.base@21.0.6
J 2824 c1 java.lang.invoke.LambdaForm$MH+0x000002352b007800.invoke(Ljava/lang/Object;Ljava/lang/Object;)Ljava/lang/Object; java.base@21.0.6 (35 bytes) @ 0x00000235229281cc [0x00000235229280e0+0x00000000000000ec]
J 3923 c1 jdk.internal.reflect.DirectMethodHandleAccessor.invoke(Ljava/lang/Object;[Ljava/lang/Object;)Ljava/lang/Object; java.base@21.0.6 (92 bytes) @ 0x0000023522b0b534 [0x0000023522b0b2e0+0x0000000000000254]
J 4278 c1 java.lang.reflect.Method.invoke(Ljava/lang/Object;[Ljava/lang/Object;)Ljava/lang/Object; java.base@21.0.6 (108 bytes) @ 0x0000023522b999d4 [0x0000023522b99800+0x00000000000001d4]
j  org.springframework.beans.factory.support.SimpleInstantiationStrategy.lambda$instantiate$0(Ljava/lang/reflect/Method;Ljava/lang/Object;[Ljava/lang/Object;Lorg/springframework/beans/factory/support/RootBeanDefinition;Lorg/springframework/beans/factory/BeanFactory;)Ljava/lang/Object;+7
j  org.springframework.beans.factory.support.SimpleInstantiationStrategy$$Lambda+0x000002352b3e8d00.get()Ljava/lang/Object;+20
j  org.springframework.beans.factory.support.SimpleInstantiationStrategy.instantiateWithFactoryMethod(Ljava/lang/reflect/Method;Ljava/util/function/Supplier;)Ljava/lang/Object;+18
j  org.springframework.beans.factory.support.SimpleInstantiationStrategy.instantiate(Lorg/springframework/beans/factory/support/RootBeanDefinition;Ljava/lang/String;Lorg/springframework/beans/factory/BeanFactory;Ljava/lang/Object;Ljava/lang/reflect/Method;[Ljava/lang/Object;)Ljava/lang/Object;+15
j  org.springframework.beans.factory.support.ConstructorResolver.instantiate(Ljava/lang/String;Lorg/springframework/beans/factory/support/RootBeanDefinition;Ljava/lang/Object;Ljava/lang/reflect/Method;[Ljava/lang/Object;)Ljava/lang/Object;+18
j  org.springframework.beans.factory.support.ConstructorResolver.instantiateUsingFactoryMethod(Ljava/lang/String;Lorg/springframework/beans/factory/support/RootBeanDefinition;[Ljava/lang/Object;)Lorg/springframework/beans/BeanWrapper;+491
j  org.springframework.beans.factory.support.AbstractAutowireCapableBeanFactory.instantiateUsingFactoryMethod(Ljava/lang/String;Lorg/springframework/beans/factory/support/RootBeanDefinition;[Ljava/lang/Object;)Lorg/springframework/beans/BeanWrapper;+11
j  org.springframework.beans.factory.support.AbstractAutowireCapableBeanFactory.createBeanInstance(Ljava/lang/String;Lorg/springframework/beans/factory/support/RootBeanDefinition;[Ljava/lang/Object;)Lorg/springframework/beans/BeanWrapper;+93
j  org.springframework.beans.factory.support.AbstractAutowireCapableBeanFactory.doCreateBean(Ljava/lang/String;Lorg/springframework/beans/factory/support/RootBeanDefinition;[Ljava/lang/Object;)Ljava/lang/Object;+34
j  org.springframework.beans.factory.support.AbstractAutowireCapableBeanFactory.createBean(Ljava/lang/String;Lorg/springframework/beans/factory/support/RootBeanDefinition;[Ljava/lang/Object;)Ljava/lang/Object;+153
J 3482 c1 org.springframework.beans.factory.support.AbstractBeanFactory.doGetBean(Ljava/lang/String;Ljava/lang/Class;[Ljava/lang/Object;Z)Ljava/lang/Object; (787 bytes) @ 0x0000023522a40934 [0x0000023522a40120+0x0000000000000814]
j  org.springframework.beans.factory.support.AbstractBeanFactory.getBean(Ljava/lang/String;)Ljava/lang/Object;+5
j  org.springframework.beans.factory.config.DependencyDescriptor.resolveCandidate(Ljava/lang/String;Ljava/lang/Class;Lorg/springframework/beans/factory/BeanFactory;)Ljava/lang/Object;+2
j  org.springframework.beans.factory.support.DefaultListableBeanFactory.doResolveDependency(Lorg/springframework/beans/factory/config/DependencyDescriptor;Ljava/lang/String;Ljava/util/Set;Lorg/springframework/beans/TypeConverter;)Ljava/lang/Object;+641
j  org.springframework.beans.factory.support.DefaultListableBeanFactory.resolveDependency(Lorg/springframework/beans/factory/config/DependencyDescriptor;Ljava/lang/String;Ljava/util/Set;Lorg/springframework/beans/TypeConverter;)Ljava/lang/Object;+117
j  org.springframework.beans.factory.support.ConstructorResolver.resolveAutowiredArgument(Lorg/springframework/beans/factory/config/DependencyDescriptor;Ljava/lang/Class;Ljava/lang/String;Ljava/util/Set;Lorg/springframework/beans/TypeConverter;Z)Ljava/lang/Object;+53
j  org.springframework.beans.factory.support.ConstructorResolver.createArgumentArray(Ljava/lang/String;Lorg/springframework/beans/factory/support/RootBeanDefinition;Lorg/springframework/beans/factory/config/ConstructorArgumentValues;Lorg/springframework/beans/BeanWrapper;[Ljava/lang/Class;[Ljava/lang/String;Ljava/lang/reflect/Executable;ZZ)Lorg/springframework/beans/factory/support/ConstructorResolver$ArgumentsHolder;+420
j  org.springframework.beans.factory.support.ConstructorResolver.instantiateUsingFactoryMethod(Ljava/lang/String;Lorg/springframework/beans/factory/support/RootBeanDefinition;[Ljava/lang/Object;)Lorg/springframework/beans/BeanWrapper;+754
j  org.springframework.beans.factory.support.AbstractAutowireCapableBeanFactory.instantiateUsingFactoryMethod(Ljava/lang/String;Lorg/springframework/beans/factory/support/RootBeanDefinition;[Ljava/lang/Object;)Lorg/springframework/beans/BeanWrapper;+11
j  org.springframework.beans.factory.support.AbstractAutowireCapableBeanFactory.createBeanInstance(Ljava/lang/String;Lorg/springframework/beans/factory/support/RootBeanDefinition;[Ljava/lang/Object;)Lorg/springframework/beans/BeanWrapper;+93
j  org.springframework.beans.factory.support.AbstractAutowireCapableBeanFactory.doCreateBean(Ljava/lang/String;Lorg/springframework/beans/factory/support/RootBeanDefinition;[Ljava/lang/Object;)Ljava/lang/Object;+34
j  org.springframework.beans.factory.support.AbstractAutowireCapableBeanFactory.createBean(Ljava/lang/String;Lorg/springframework/beans/factory/support/RootBeanDefinition;[Ljava/lang/Object;)Ljava/lang/Object;+153
j  org.springframework.beans.factory.support.AbstractBeanFactory.lambda$doGetBean$0(Ljava/lang/String;Lorg/springframework/beans/factory/support/RootBeanDefinition;[Ljava/lang/Object;)Ljava/lang/Object;+4
j  org.springframework.beans.factory.support.AbstractBeanFactory$$Lambda+0x000002352b2681e8.getObject()Ljava/lang/Object;+16
j  org.springframework.beans.factory.support.DefaultSingletonBeanRegistry.getSingleton(Ljava/lang/String;Lorg/springframework/beans/factory/ObjectFactory;)Ljava/lang/Object;+336
J 3482 c1 org.springframework.beans.factory.support.AbstractBeanFactory.doGetBean(Ljava/lang/String;Ljava/lang/Class;[Ljava/lang/Object;Z)Ljava/lang/Object; (787 bytes) @ 0x0000023522a407dc [0x0000023522a40120+0x00000000000006bc]
j  org.springframework.beans.factory.support.AbstractBeanFactory.getBean(Ljava/lang/String;)Ljava/lang/Object;+5
j  org.springframework.beans.factory.support.DefaultListableBeanFactory.instantiateSingleton(Ljava/lang/String;)V+51
j  org.springframework.beans.factory.support.DefaultListableBeanFactory.preInstantiateSingleton(Ljava/lang/String;Lorg/springframework/beans/factory/support/RootBeanDefinition;)Ljava/util/concurrent/CompletableFuture;+141
j  org.springframework.beans.factory.support.DefaultListableBeanFactory.preInstantiateSingletons()V+118
j  org.springframework.context.support.AbstractApplicationContext.finishBeanFactoryInitialization(Lorg/springframework/beans/factory/config/ConfigurableListableBeanFactory;)V+284
j  org.springframework.context.support.AbstractApplicationContext.refresh()V+94
j  org.springframework.boot.web.servlet.context.ServletWebServerApplicationContext.refresh()V+1
j  org.springframework.boot.SpringApplication.refresh(Lorg/springframework/context/ConfigurableApplicationContext;)V+1
j  org.springframework.boot.SpringApplication.refreshContext(Lorg/springframework/context/ConfigurableApplicationContext;)V+19
j  org.springframework.boot.SpringApplication.run([Ljava/lang/String;)Lorg/springframework/context/ConfigurableApplicationContext;+113
j  org.springframework.boot.SpringApplication.run([Ljava/lang/Class;[Ljava/lang/String;)Lorg/springframework/context/ConfigurableApplicationContext;+9
j  org.springframework.boot.SpringApplication.run(Ljava/lang/Class;[Ljava/lang/String;)Lorg/springframework/context/ConfigurableApplicationContext;+9
j  com.programming.techie.gateway.ApiGatewayApplication.main([Ljava/lang/String;)V+3
v  ~StubRoutines::call_stub 0x000002352221100d

Compiled method (n/a)    9296 1277     n 0       java.lang.ClassLoader::defineClass1 (native)
 total in heap  [0x00000235226b0310,0x00000235226b0970] = 1632
 relocation     [0x00000235226b0470,0x00000235226b04a8] = 56
 main code      [0x00000235226b04c0,0x00000235226b096f] = 1199
 stub code      [0x00000235226b096f,0x00000235226b0970] = 1

[Constant Pool (empty)]

[MachCode]
[Entry Point]
  # {method} {0x000002352a43ac80} 'defineClass1' '(Ljava/lang/ClassLoader;Ljava/lang/String;[BIILjava/security/ProtectionDomain;Ljava/lang/String;)Ljava/lang/Class;' in 'java/lang/ClassLoader'
  # parm0:    rdx:rdx   = 'java/lang/ClassLoader'
  # parm1:    r8:r8     = 'java/lang/String'
  # parm2:    r9:r9     = '[B'
  # parm3:    rdi       = int
  # parm4:    rsi       = int
  # parm5:    rcx:rcx   = 'java/security/ProtectionDomain'
  # parm6:    [sp+0xa0]   = 'java/lang/String'  (sp of caller)
  0x00000235226b04c0: 448b 5208 | 49bb 0000 | 002a 3502 | 0000 4d03 | d349 3bc2 | 0f84 0600 

  0x00000235226b04d8: ;   {runtime_call ic_miss_stub}
  0x00000235226b04d8: 0000 e9a1 | e2ba ff90 
[Verified Entry Point]
  0x00000235226b04e0: 8984 2400 | 80ff ff55 | 488b ec48 | 81ec 9000 | 0000 6690 | 4181 7f20 | 0500 0000 

  0x00000235226b04fc: ;   {runtime_call StubRoutines (final stubs)}
  0x00000235226b04fc: 7405 e85d | 48b9 ff48 | 837d 1000 | 488d 4510 | 480f 4445 | 1048 8944 | 2440 4889 | 4c24 7048 
  0x00000235226b051c: 83f9 0048 | 8d44 2470 | 480f 4444 | 2470 4889 | 4424 3848 | 8974 2430 | 4889 7c24 | 284c 894c 
  0x00000235226b053c: 2458 4983 | f900 488d | 4424 5848 | 0f44 4424 | 5848 8944 | 2420 4c89 | 4424 5049 | 83f8 004c 
  0x00000235226b055c: 8d4c 2450 | 4c0f 444c | 2450 4889 | 5424 4848 | 83fa 004c | 8d44 2448 | 4c0f 4444 

  0x00000235226b0578: ;   {oop(a 'java/lang/Class'{0x00000000a29ac098} = 'java/lang/ClassLoader')}
  0x00000235226b0578: 2448 49be | 98c0 9aa2 | 0000 0000 | 4c89 7424 | 784c 8d74 | 2478 498b | d6c5 f877 

  0x00000235226b0594: ;   {internal_word}
  0x00000235226b0594: 49ba 9105 | 6b22 3502 | 0000 4d89 | 97a0 0300 | 0049 89a7 | 9803 0000 

  0x00000235226b05ac: ;   {external_word}
  0x00000235226b05ac: 49ba e057 | 881c fc7f | 0000 4180 | 3a00 0f84 | 4e00 0000 | 5241 5041 

  0x00000235226b05c4: ;   {metadata({method} {0x000002352a43ac80} 'defineClass1' '(Ljava/lang/ClassLoader;Ljava/lang/String;[BIILjava/security/ProtectionDomain;Ljava/lang/String;)Ljava/lang/Class;' in 'java/lang/ClassLoader')}
  0x00000235226b05c4: 5148 ba78 | ac43 2a35 | 0200 0049 | 8bcf 4883 | ec20 40f6 | c40f 0f84 | 1900 0000 | 4883 ec08 
  0x00000235226b05e4: ;   {runtime_call}
  0x00000235226b05e4: 48b8 8005 | 391c fc7f | 0000 ffd0 | 4883 c408 | e90c 0000 

  0x00000235226b05f8: ;   {runtime_call}
  0x00000235226b05f8: 0048 b880 | 0539 1cfc | 7f00 00ff | d048 83c4 | 2041 5941 | 585a 498d | 8fb8 0300 | 0041 c787 
  0x00000235226b0618: 4404 0000 | 0400 0000 

  0x00000235226b0620: ;   {runtime_call}
  0x00000235226b0620: 48b8 ac16 | 3e77 fc7f | 0000 ffd0 | c5f8 7741 | c787 4404 | 0000 0500 | 0000 f083 | 4424 c000 
  0x00000235226b0640: 493b af48 | 0400 000f | 870e 0000 | 0041 83bf | 4004 0000 | 000f 842b | 0000 00c5 | f877 4889 
  0x00000235226b0660: 45f8 498b | cf4c 8be4 | 4883 ec20 | 4883 e4f0 

  0x00000235226b0670: ;   {runtime_call}
  0x00000235226b0670: 48b8 f0b2 | 041c fc7f | 0000 ffd0 | 498b e44d | 33e4 488b | 45f8 41c7 | 8744 0400 | 0008 0000 
  0x00000235226b0690: 0041 83bf | c004 0000 | 020f 84a3 

  0x00000235226b069c: ;   {external_word}
  0x00000235226b069c: 0200 0049 | bae0 5788 | 1cfc 7f00 | 0041 803a | 000f 844c | 0000 0048 

  0x00000235226b06b4: ;   {metadata({method} {0x000002352a43ac80} 'defineClass1' '(Ljava/lang/ClassLoader;Ljava/lang/String;[BIILjava/security/ProtectionDomain;Ljava/lang/String;)Ljava/lang/Class;' in 'java/lang/ClassLoader')}
  0x00000235226b06b4: 8945 f848 | ba78 ac43 | 2a35 0200 | 0049 8bcf | 4883 ec20 | 40f6 c40f | 0f84 1900 | 0000 4883 
  0x00000235226b06d4: ;   {runtime_call}
  0x00000235226b06d4: ec08 48b8 | 8005 391c | fc7f 0000 | ffd0 4883 | c408 e90c 

  0x00000235226b06e8: ;   {runtime_call}
  0x00000235226b06e8: 0000 0048 | b880 0539 | 1cfc 7f00 | 00ff d048 | 83c4 2048 | 8b45 f849 | c787 9803 | 0000 0000 
  0x00000235226b0708: 0000 49c7 | 87a0 0300 | 0000 0000 | 00c5 f877 | 4885 c00f | 84fe 0100 | 00a8 030f | 8508 0000 
  0x00000235226b0728: 0048 8b00 | e9ee 0100 | 00a8 010f | 8509 0000 | 0048 8b40 | fee9 dd01 | 0000 488b | 40ff 4180 
  0x00000235226b0748: 7f40 000f | 84ce 0100 | 0048 83f8 | 000f 84c4 | 0100 0049 | 8b4f 2848 | 83f9 000f | 8414 0000 
  0x00000235226b0768: 0048 83e9 | 0849 894f | 2849 034f | 3848 8901 | e9a2 0100 | 0048 81ec | d000 0000 | 4889 0424 
  0x00000235226b0788: 4889 4c24 | 0848 8954 | 2410 4889 | 7424 1848 | 897c 2420 | 4c89 4424 | 284c 894c | 2430 4c89 
  0x00000235226b07a8: 5424 384c | 895c 2440 | c5fb 1144 | 2450 c5fb | 114c 2458 | c5fb 1154 | 2460 c5fb | 115c 2468 
  0x00000235226b07c8: c5fb 1164 | 2470 c5fb | 116c 2478 | c5fb 11b4 | 2480 0000 | 00c5 fb11 | bc24 8800 | 0000 c57b 
  0x00000235226b07e8: ;   {no_reloc}
  0x00000235226b07e8: 1184 2490 | 0000 00c5 | 7b11 8c24 | 9800 0000 | c57b 1194 | 24a0 0000 | 00c5 7b11 | 9c24 a800 
  0x00000235226b0808: 0000 c57b | 11a4 24b0 | 0000 00c5 | 7b11 ac24 | b800 0000 | c57b 11b4 | 24c0 0000 | 00c5 7b11 
  0x00000235226b0828: bc24 c800 | 0000 498b | d748 8bc8 | 4883 ec20 | 40f6 c40f | 0f84 1900 | 0000 4883 

  0x00000235226b0844: ;   {runtime_call}
  0x00000235226b0844: ec08 48b8 | 90f1 f71b | fc7f 0000 | ffd0 4883 | c408 e90c 

  0x00000235226b0858: ;   {runtime_call}
  0x00000235226b0858: 0000 0048 | b890 f1f7 | 1bfc 7f00 | 00ff d048 | 83c4 20c5 | 7b10 bc24 | c800 0000 | c57b 10b4 
  0x00000235226b0878: 24c0 0000 | 00c5 7b10 | ac24 b800 | 0000 c57b | 10a4 24b0 | 0000 00c5 | 7b10 9c24 | a800 0000 
  0x00000235226b0898: c57b 1094 | 24a0 0000 | 00c5 7b10 | 8c24 9800 | 0000 c57b | 1084 2490 | 0000 00c5 | fb10 bc24 
  0x00000235226b08b8: 8800 0000 | c5fb 10b4 | 2480 0000 | 00c5 fb10 | 6c24 78c5 | fb10 6424 | 70c5 fb10 | 5c24 68c5 
  0x00000235226b08d8: fb10 5424 | 60c5 fb10 | 4c24 58c5 | fb10 4424 | 504c 8b5c | 2440 4c8b | 5424 384c | 8b4c 2430 
  0x00000235226b08f8: 4c8b 4424 | 2848 8b7c | 2420 488b | 7424 1848 | 8b54 2410 | 488b 4c24 | 0848 8b04 | 2448 81c4 
  0x00000235226b0918: d000 0000 | c5f8 7749 | 8b8f 2804 | 0000 c781 | 0001 0000 | 0000 0000 | c949 837f | 0800 0f85 
  0x00000235226b0938: 0100 0000 

  0x00000235226b093c: ;   {runtime_call StubRoutines (initial stubs)}
  0x00000235226b093c: c3e9 be05 | b6ff c5f8 | 7748 8945 | f84c 8be4 | 4883 ec20 | 4883 e4f0 

  0x00000235226b0954: ;   {runtime_call}
  0x00000235226b0954: 48b8 703d | 391c fc7f | 0000 ffd0 | 498b e44d | 33e4 488b | 45f8 e930 | fdff fff4 
[/MachCode]


Compiled method (c1)    9305 1658       1       java.lang.ClassLoader::defineClass (43 bytes)
 total in heap  [0x000002352275be10,0x000002352275c3d0] = 1472
 relocation     [0x000002352275bf70,0x000002352275bfe0] = 112
 main code      [0x000002352275bfe0,0x000002352275c1a0] = 448
 stub code      [0x000002352275c1a0,0x000002352275c218] = 120
 metadata       [0x000002352275c218,0x000002352275c248] = 48
 scopes data    [0x000002352275c248,0x000002352275c300] = 184
 scopes pcs     [0x000002352275c300,0x000002352275c3a0] = 160
 dependencies   [0x000002352275c3a0,0x000002352275c3a8] = 8
 nul chk table  [0x000002352275c3a8,0x000002352275c3d0] = 40

[Constant Pool (empty)]

[MachCode]
[Entry Point]
  # {method} {0x000002352a43b000} 'defineClass' '(Ljava/lang/String;[BIILjava/security/ProtectionDomain;)Ljava/lang/Class;' in 'java/lang/ClassLoader'
  # this:     rdx:rdx   = 'java/lang/ClassLoader'
  # parm0:    r8:r8     = 'java/lang/String'
  # parm1:    r9:r9     = '[B'
  # parm2:    rdi       = int
  # parm3:    rsi       = int
  # parm4:    rcx:rcx   = 'java/security/ProtectionDomain'
  #           [sp+0xc0]  (sp of caller)
  0x000002352275bfe0: 448b 5208 | 49bb 0000 | 002a 3502 | 0000 4d03 | d34c 3bd0 

  0x000002352275bff4: ;   {runtime_call ic_miss_stub}
  0x000002352275bff4: 0f85 8627 | b0ff 660f | 1f44 0000 
[Verified Entry Point]
  0x000002352275c000: 8984 2400 | 80ff ff55 | 4881 ecb0 | 0000 0090 | 4181 7f20 | 0500 0000 

  0x000002352275c018: ;   {runtime_call StubRoutines (final stubs)}
  0x000002352275c018: 7405 e841 | 8dae ff48 | 8954 2478 | 89b4 2494 | 0000 0089 | bc24 9000 | 0000 4c89 | 8c24 8800 
  0x000002352275c038: 0000 498b | d84c 8bc3 | 4c8b c948 | 8bca 488b | d148 899c | 2480 0000 | 0066 0f1f 

  0x000002352275c054: ;   {optimized virtual_call}
  0x000002352275c054: 4400 00e8 

  0x000002352275c058: ; ImmutableOopMap {[120]=Oop [128]=Oop [136]=Oop }
                      ;*invokevirtual preDefineClass {reexecute=0 rethrow=0 return_oop=0}
                      ; - java.lang.ClassLoader::defineClass@4 (line 1025)
  0x000002352275c058: e411 0000 

  0x000002352275c05c: ;   {other}
  0x000002352275c05c: 0f1f 8400 | 4c02 0000 | 4889 8424 | 9800 0000 

  0x000002352275c06c: ; implicit exception: dispatches to 0x000002352275c14a
  0x000002352275c06c: 448b 4010 | 4d85 c00f | 850f 0000 

  0x000002352275c078: ;   {oop(nullptr)}
  0x000002352275c078: 0048 bb00 | 0000 0000 | 0000 00e9 | 3f00 0000 

  0x000002352275c088: ; implicit exception: dispatches to 0x000002352275c14f
  0x000002352275c088: 458b 400c | 4d85 c00f | 850f 0000 

  0x000002352275c094: ;   {oop(nullptr)}
  0x000002352275c094: 0048 bb00 | 0000 0000 | 0000 00e9 | 2300 0000 

  0x000002352275c0a4: ; implicit exception: dispatches to 0x000002352275c154
  0x000002352275c0a4: 418b 5038 

  0x000002352275c0a8: ; implicit exception: dispatches to 0x000002352275c159
  0x000002352275c0a8: 483b 020f 

  0x000002352275c0ac: ;   {optimized virtual_call}
  0x000002352275c0ac: 1f40 00e8 

  0x000002352275c0b0: ; ImmutableOopMap {[120]=Oop [128]=Oop [136]=Oop [152]=Oop }
                      ;*invokevirtual toExternalForm {reexecute=0 rethrow=0 return_oop=0}
                      ; - java.net.URL::toExternalForm@5 (line 1203)
                      ; - java.net.URL::toString@1 (line 1189)
                      ; - java.lang.ClassLoader::defineClassSourceLocation@22 (line 927)
                      ; - java.lang.ClassLoader::defineClass@12 (line 1026)
  0x000002352275c0b0: 4c62 f7ff 

  0x000002352275c0b4: ;   {other}
  0x000002352275c0b4: 0f1f 8400 | a402 0001 | 488b d848 | 8b84 2498 | 0000 008b | b424 9400 | 0000 8bbc | 2490 0000 
  0x000002352275c0d4: 004c 8b8c | 2488 0000 | 004c 8b84 | 2480 0000 | 0048 8b54 | 2478 4c8b | da49 8bd3 | 488b c848 
  0x000002352275c0f4: ;   {static_call}
  0x000002352275c0f4: 891c 24e8 

  0x000002352275c0f8: ; ImmutableOopMap {[120]=Oop [152]=Oop }
                      ;*invokestatic defineClass1 {reexecute=0 rethrow=0 return_oop=0}
                      ; - java.lang.ClassLoader::defineClass@27 (line 1027)
  0x000002352275c0f8: e443 f5ff 

  0x000002352275c0fc: ;   {other}
  0x000002352275c0fc: 0f1f 8400 | ec02 0002 | 4c8b c04c | 8b8c 2498 | 0000 0048 | 8b54 2478 | 4889 8424 | a000 0000 
  0x000002352275c11c: ;   {optimized virtual_call}
  0x000002352275c11c: 6666 90e8 

  0x000002352275c120: ; ImmutableOopMap {[160]=Oop }
                      ;*invokevirtual postDefineClass {reexecute=0 rethrow=0 return_oop=0}
                      ; - java.lang.ClassLoader::defineClass@37 (line 1028)
  0x000002352275c120: 5cb6 fdff 

  0x000002352275c124: ;   {other}
  0x000002352275c124: 0f1f 8400 | 1403 0003 | 488b 8424 | a000 0000 | 4881 c4b0 | 0000 005d 

  0x000002352275c13c: ;   {poll_return}
  0x000002352275c13c: 493b a748 | 0400 000f | 8715 0000 

  0x000002352275c148: ;   {runtime_call throw_null_pointer_exception Runtime1 stub}
  0x000002352275c148: 00c3 e831 

  0x000002352275c14c: ; ImmutableOopMap {rax=Oop [120]=Oop [128]=Oop [136]=Oop [152]=Oop }
                      ;*invokevirtual getCodeSource {reexecute=0 rethrow=0 return_oop=0}
                      ; - java.lang.ClassLoader::defineClassSourceLocation@1 (line 924)
                      ; - java.lang.ClassLoader::defineClass@12 (line 1026)
                      ;   {runtime_call throw_null_pointer_exception Runtime1 stub}
  0x000002352275c14c: 3bbb ffe8 

  0x000002352275c150: ; ImmutableOopMap {rax=Oop [120]=Oop [128]=Oop [136]=Oop [152]=Oop }
                      ;*invokevirtual getLocation {reexecute=0 rethrow=0 return_oop=0}
                      ; - java.lang.ClassLoader::defineClassSourceLocation@12 (line 926)
                      ; - java.lang.ClassLoader::defineClass@12 (line 1026)
  0x000002352275c150: 2c3b bbff 

  0x000002352275c154: ;   {runtime_call throw_null_pointer_exception Runtime1 stub}
  0x000002352275c154: e827 3bbb 

  0x000002352275c158: ; ImmutableOopMap {r8=Oop [120]=Oop [128]=Oop [136]=Oop [152]=Oop }
                      ;*invokevirtual toString {reexecute=0 rethrow=0 return_oop=0}
                      ; - java.lang.ClassLoader::defineClassSourceLocation@22 (line 927)
                      ; - java.lang.ClassLoader::defineClass@12 (line 1026)
                      ;   {runtime_call throw_null_pointer_exception Runtime1 stub}
  0x000002352275c158: ffe8 223b 

  0x000002352275c15c: ; ImmutableOopMap {r8=Oop rdx=Oop [120]=Oop [128]=Oop [136]=Oop [152]=Oop }
                      ;*invokevirtual toExternalForm {reexecute=0 rethrow=0 return_oop=0}
                      ; - java.net.URL::toExternalForm@5 (line 1203)
                      ; - java.net.URL::toString@1 (line 1189)
                      ; - java.lang.ClassLoader::defineClassSourceLocation@22 (line 927)
                      ; - java.lang.ClassLoader::defineClass@12 (line 1026)
                      ;   {internal_word}
  0x000002352275c15c: bbff 49ba | 3cc1 7522 | 3502 0000 | 4d89 9760 

  0x000002352275c16c: ;   {runtime_call SafepointBlob}
  0x000002352275c16c: 0400 00e9 | 8c95 b0ff | 498b 87f8 | 0400 0049 | c787 f804 | 0000 0000 | 0000 49c7 | 8700 0500 
  0x000002352275c18c: 0000 0000 | 0048 81c4 | b000 0000 

  0x000002352275c198: ;   {runtime_call unwind_exception Runtime1 stub}
  0x000002352275c198: 5de9 e22b | bbff f4f4 
[Stub Code]
  0x000002352275c1a0: ;   {no_reloc}
  0x000002352275c1a0: 0f1f 4400 

  0x000002352275c1a4: ;   {static_stub}
  0x000002352275c1a4: 0048 bb00 | 0000 0000 

  0x000002352275c1ac: ;   {runtime_call}
  0x000002352275c1ac: 0000 00e9 | fbff ffff 

  0x000002352275c1b4: ;   {static_stub}
  0x000002352275c1b4: 48bb 0000 | 0000 0000 

  0x000002352275c1bc: ;   {runtime_call}
  0x000002352275c1bc: 0000 e9fb 

  0x000002352275c1c0: ;   {static_stub}
  0x000002352275c1c0: ffff ff48 | bb00 0000 | 0000 0000 

  0x000002352275c1cc: ;   {runtime_call}
  0x000002352275c1cc: 00e9 fbff 

  0x000002352275c1d0: ;   {static_stub}
  0x000002352275c1d0: ffff 48bb | 0000 0000 | 0000 0000 

  0x000002352275c1dc: ;   {runtime_call}
  0x000002352275c1dc: e9fb ffff 

  0x000002352275c1e0: ;   {runtime_call handle_exception_from_callee Runtime1 stub}
  0x000002352275c1e0: ffe8 9a5d 

  0x000002352275c1e4: ;   {external_word}
  0x000002352275c1e4: bbff 48b9 | a046 601c | fc7f 0000 | 4883 e4f0 

  0x000002352275c1f4: ;   {runtime_call}
  0x000002352275c1f4: 48b8 b028 | 281c fc7f | 0000 ffd0 

  0x000002352275c200: ;   {section_word}
  0x000002352275c200: f449 ba01 | c275 2235 | 0200 0041 

  0x000002352275c20c: ;   {runtime_call DeoptimizationBlob}
  0x000002352275c20c: 52e9 8e87 | b0ff f4f4 | f4f4 f4f4 
[/MachCode]


Compiled method (c1)    9311 1570       1       jdk.internal.loader.BuiltinClassLoader::defineClass (121 bytes)
 total in heap  [0x0000023522735990,0x00000235227368a0] = 3856
 relocation     [0x0000023522735af0,0x0000023522735c38] = 328
 main code      [0x0000023522735c40,0x0000023522736300] = 1728
 stub code      [0x0000023522736300,0x0000023522736420] = 288
 metadata       [0x0000023522736420,0x0000023522736468] = 72
 scopes data    [0x0000023522736468,0x00000235227366c0] = 600
 scopes pcs     [0x00000235227366c0,0x0000023522736860] = 416
 dependencies   [0x0000023522736860,0x0000023522736868] = 8
 handler table  [0x0000023522736868,0x0000023522736880] = 24
 nul chk table  [0x0000023522736880,0x00000235227368a0] = 32

[Constant Pool (empty)]

[MachCode]
[Entry Point]
  # {method} {0x000002352a069ba8} 'defineClass' '(Ljava/lang/String;Ljdk/internal/loader/Resource;)Ljava/lang/Class;' in 'jdk/internal/loader/BuiltinClassLoader'
  # this:     rdx:rdx   = 'jdk/internal/loader/BuiltinClassLoader'
  # parm0:    r8:r8     = 'java/lang/String'
  # parm1:    r9:r9     = 'jdk/internal/loader/Resource'
  #           [sp+0x110]  (sp of caller)
  0x0000023522735c40: 448b 5208 | 49bb 0000 | 002a 3502 | 0000 4d03 | d34c 3bd0 

  0x0000023522735c54: ;   {runtime_call ic_miss_stub}
  0x0000023522735c54: 0f85 268b | b2ff 660f | 1f44 0000 
[Verified Entry Point]
  0x0000023522735c60: 8984 2400 | 80ff ff55 | 4881 ec00 | 0100 0090 | 4181 7f20 | 0500 0000 

  0x0000023522735c78: ;   {runtime_call StubRoutines (final stubs)}
  0x0000023522735c78: 7405 e8e1 | f0b0 ff48 | 8994 24a0 | 0000 004c | 8984 2490 | 0000 004c | 898c 2498 | 0000 0049 
  0x0000023522735c98: 8bd1 6666 | 9048 b8ff | ffff ffff 

  0x0000023522735ca4: ;   {virtual_call}
  0x0000023522735ca4: ffff ffe8 

  0x0000023522735ca8: ; ImmutableOopMap {[144]=Oop [152]=Oop [160]=Oop }
                      ;*invokevirtual getCodeSourceURL {reexecute=0 rethrow=0 return_oop=0}
                      ; - jdk.internal.loader.BuiltinClassLoader::defineClass@1 (line 842)
  0x0000023522735ca8: 14a4 beff 

  0x0000023522735cac: ;   {other}
  0x0000023522735cac: 0f1f 8400 | 1c03 0000 | 4889 8424 | a800 0000 | 4c8b 8424 | 9000 0000 

  0x0000023522735cc4: ; implicit exception: dispatches to 0x0000023522736202
  0x0000023522735cc4: 418b 7014 

  0x0000023522735cc8: ; implicit exception: dispatches to 0x0000023522736207
  0x0000023522735cc8: 8b56 0c45 | 0fbe 4810 | 498b c9c1 | e118 c1f9 | 18d3 fa48 | 8bfa ffcf | 4585 c9ba | 0000 0000 
  0x0000023522735ce8: 7505 ba01 | 0000 0083 | e201 85d2 | 488b d641 | b82e 0000 | 004c 8bcf | 0f84 1300 

  0x0000023522735d04: ;   {static_call}
  0x0000023522735d04: 0000 90e8 

  0x0000023522735d08: ; ImmutableOopMap {[144]=Oop [152]=Oop [160]=Oop [168]=Oop }
                      ;*invokestatic lastIndexOf {reexecute=0 rethrow=0 return_oop=0}
                      ; - java.lang.String::lastIndexOf@13 (line 2573)
                      ; - java.lang.String::lastIndexOf@8 (line 2535)
                      ; - jdk.internal.loader.BuiltinClassLoader::defineClass@8 (line 845)
  0x0000023522735d08: 34d4 cbff 

  0x0000023522735d0c: ;   {other}
  0x0000023522735d0c: 0f1f 8400 | 7c03 0001 | e913 0000 | 0066 0f1f 

  0x0000023522735d1c: ;   {static_call}
  0x0000023522735d1c: 4400 00e8 

  0x0000023522735d20: ; ImmutableOopMap {[144]=Oop [152]=Oop [160]=Oop [168]=Oop }
                      ;*invokestatic lastIndexOf {reexecute=0 rethrow=0 return_oop=0}
                      ; - java.lang.String::lastIndexOf@25 (line 2574)
                      ; - java.lang.String::lastIndexOf@8 (line 2535)
                      ; - jdk.internal.loader.BuiltinClassLoader::defineClass@8 (line 845)
  0x0000023522735d20: 5c93 b2ff 

  0x0000023522735d24: ;   {other}
  0x0000023522735d24: 0f1f 8400 | 9403 0002 | 83f8 ff0f | 847f 0000 | 0041 b800 | 0000 004c | 8bc8 488b | 9424 9000 
  0x0000023522735d44: ;   {optimized virtual_call}
  0x0000023522735d44: 0000 90e8 

  0x0000023522735d48: ; ImmutableOopMap {[144]=Oop [152]=Oop [160]=Oop [168]=Oop }
                      ;*invokevirtual substring {reexecute=0 rethrow=0 return_oop=0}
                      ; - jdk.internal.loader.BuiltinClassLoader::defineClass@23 (line 847)
  0x0000023522735d48: 345d cbff 

  0x0000023522735d4c: ;   {other}
  0x0000023522735d4c: 0f1f 8400 | bc03 0003 | 488b 9424 | 9800 0000 | 4889 8424 | b000 0000 | 9048 b8ff | ffff ffff 
  0x0000023522735d6c: ;   {virtual_call}
  0x0000023522735d6c: ffff ffe8 

  0x0000023522735d70: ; ImmutableOopMap {[144]=Oop [152]=Oop [160]=Oop [168]=Oop [176]=Oop }
                      ;*invokevirtual getManifest {reexecute=0 rethrow=0 return_oop=0}
                      ; - jdk.internal.loader.BuiltinClassLoader::defineClass@29 (line 848)
  0x0000023522735d70: a49f beff 

  0x0000023522735d74: ;   {other}
  0x0000023522735d74: 0f1f 8400 | e403 0004 | 4c8b 8424 | b000 0000 | 4c8b c848 | 8bbc 24a8 | 0000 0048 | 8b94 24a0 
  0x0000023522735d94: 0000 0066 | 0f1f 4400 | 0048 b8e8 | a106 2a35 

  0x0000023522735da4: ;   {virtual_call}
  0x0000023522735da4: 0200 00e8 

  0x0000023522735da8: ; ImmutableOopMap {[144]=Oop [152]=Oop [160]=Oop [168]=Oop }
                      ;*invokevirtual defineOrCheckPackage {reexecute=0 rethrow=0 return_oop=0}
                      ; - jdk.internal.loader.BuiltinClassLoader::defineClass@40 (line 849)
  0x0000023522735da8: 94dd ffff 

  0x0000023522735dac: ;   {other}
  0x0000023522735dac: 0f1f 8400 | 1c04 0005 | 4c8b 8c24 | 9800 0000 | 488d 9424 | e000 0000 | 4c89 4a08 | 498b 0148 
  0x0000023522735dcc: 83c8 0148 | 8902 f049 | 0fb1 110f | 8412 0000 | 0048 2bc4 | 4825 07f0 | ffff 4889 | 020f 851d 
  0x0000023522735dec: 0400 0049 | ff87 4805 | 0000 418b | 510c 4885 | d20f 8551 | 0000 0049 | 8bd1 0f1f | 8000 0000 
  0x0000023522735e0c: 0048 b8ff | ffff ffff 

  0x0000023522735e14: ;   {virtual_call}
  0x0000023522735e14: ffff ffe8 

  0x0000023522735e18: ; ImmutableOopMap {[144]=Oop [152]=Oop [160]=Oop [168]=Oop [232]=Oop }
                      ;*invokevirtual getInputStream {reexecute=0 rethrow=0 return_oop=0}
                      ; - jdk.internal.loader.Resource::cachedInputStream@9 (line 77)
                      ; - jdk.internal.loader.Resource::getByteBuffer@1 (line 163)
                      ; - jdk.internal.loader.BuiltinClassLoader::defineClass@45 (line 853)
  0x0000023522735e18: 549d beff 

  0x0000023522735e1c: ;   {other}
  0x0000023522735e1c: 0f1f 8400 | 8c04 0006 | 410f be57 | 4085 d24c | 8b8c 2498 | 0000 000f | 85e6 0300 | 004c 8bd0 
  0x0000023522735e3c: 4589 510c | 498b d148 | 33d0 48c1 | ea14 4883 | fa00 0f85 | e703 0000 | 418b 510c | 488d 8424 
  0x0000023522735e5c: e000 0000 | 488b 3048 | 85f6 0f84 | 0f00 0000 | 488b 7808 | f048 0fb1 | 370f 85d8 | 0300 0049 
  0x0000023522735e7c: ff8f 4805 | 0000 4885 | d20f 8443 

  0x0000023522735e88: ;   {metadata('sun/nio/ByteBuffered')}
  0x0000023522735e88: 0000 0048 | b8b0 c836 | 2a35 0200 | 008b 5a08 | 49ba 0000 | 002a 3502 | 0000 4903 | da48 3b43 
  0x0000023522735ea8: 200f 8424 | 0000 0048 | 3bd8 0f84 | 1b00 0000 

  0x0000023522735eb8: ;   {runtime_call slow_subtype_check Runtime1 stub}
  0x0000023522735eb8: 5350 e841 | d1bd ff5b | 5b85 db0f | 8405 0000 | 00e9 0500 | 0000 4833 | f6eb 0a48 | be01 0000 
  0x0000023522735ed8: 0000 0000 | 0085 f60f | 846c 0000 | 0048 85d2 | 0f84 4300 

  0x0000023522735eec: ;   {metadata('sun/nio/ByteBuffered')}
  0x0000023522735eec: 0000 48bb | b0c8 362a | 3502 0000 | 8b7a 0849 | ba00 0000 | 2a35 0200 | 0049 03fa | 483b 5f20 
  0x0000023522735f0c: 0f84 1f00 | 0000 483b | fb0f 8416 | 0000 0057 

  0x0000023522735f1c: ;   {runtime_call slow_subtype_check Runtime1 stub}
  0x0000023522735f1c: 53e8 ded0 | bdff 5f5f | 85ff 0f84 | 3d03 0000 | e900 0000 | 000f 1f40 | 0048 b8ff | ffff ffff 
  0x0000023522735f3c: ;   {virtual_call}
  0x0000023522735f3c: ffff ffe8 

  0x0000023522735f40: ; ImmutableOopMap {[144]=Oop [152]=Oop [160]=Oop [168]=Oop }
                      ;*invokeinterface getByteBuffer {reexecute=0 rethrow=0 return_oop=0}
                      ; - jdk.internal.loader.Resource::getByteBuffer@16 (line 165)
                      ; - jdk.internal.loader.BuiltinClassLoader::defineClass@45 (line 853)
  0x0000023522735f40: 3c8e b2ff 

  0x0000023522735f44: ;   {other}
  0x0000023522735f44: 0f1f 8400 | b405 0007 | e90a 0000 

  0x0000023522735f50: ;   {oop(nullptr)}
  0x0000023522735f50: 0048 b800 | 0000 0000 | 0000 0048 | 85c0 0f84 | 0601 0000 | 4889 8424 | b800 0000 | 488b 9424 
  0x0000023522735f70: 9800 0000 | 9048 b8ff | ffff ffff 

  0x0000023522735f7c: ;   {virtual_call}
  0x0000023522735f7c: ffff ffe8 

  0x0000023522735f80: ; ImmutableOopMap {[144]=Oop [160]=Oop [168]=Oop [184]=Oop }
                      ;*invokevirtual getCodeSigners {reexecute=0 rethrow=0 return_oop=0}
                      ; - jdk.internal.loader.BuiltinClassLoader::defineClass@56 (line 855)
  0x0000023522735f80: fc8d b2ff 

  0x0000023522735f84: ;   {other}
  0x0000023522735f84: 0f1f 8400 | f405 0008 

  0x0000023522735f8c: ;   {metadata('java/security/CodeSource')}
  0x0000023522735f8c: 4c8b c848 | bac0 5c00 | 2a35 0200 | 0049 8b87 | b801 0000 | 488d 7828 | 493b bfc8 | 0100 000f 
  0x0000023522735fac: 87c1 0200 | 0049 89bf | b801 0000 | 48c7 0001 | 0000 0048 | 8bca 49ba | 0000 002a | 3502 0000 
  0x0000023522735fcc: 492b ca89 | 4808 4833 | c989 480c | 4833 c948 | 8948 1048 | 8948 1848 | 8948 204c | 8b84 24a8 
  0x0000023522735fec: 0000 0048 | 8bd0 4889 | 8424 c000 | 0000 0f1f 

  0x0000023522735ffc: ;   {optimized virtual_call}
  0x0000023522735ffc: 4400 00e8 

  0x0000023522736000: ; ImmutableOopMap {[144]=Oop [160]=Oop [184]=Oop [192]=Oop }
                      ;*invokespecial <init> {reexecute=0 rethrow=0 return_oop=0}
                      ; - jdk.internal.loader.BuiltinClassLoader::defineClass@68 (line 856)
  0x0000023522736000: 7c8a b2ff 

  0x0000023522736004: ;   {other}
  0x0000023522736004: 0f1f 8400 | 7406 0009 | 4c8b 8424 | c000 0000 | 488b 9424 | a000 0000 

  0x000002352273601c: ;   {optimized virtual_call}
  0x000002352273601c: 6666 90e8 

  0x0000023522736020: ; ImmutableOopMap {[144]=Oop [160]=Oop [184]=Oop }
                      ;*invokevirtual getProtectionDomain {reexecute=0 rethrow=0 return_oop=0}
                      ; - java.security.SecureClassLoader::defineClass@5 (line 182)
                      ; - jdk.internal.loader.BuiltinClassLoader::defineClass@79 (line 857)
  0x0000023522736020: 5c8a b2ff 

  0x0000023522736024: ;   {other}
  0x0000023522736024: 0f1f 8400 | 9406 000a | 4c8b 8424 | 9000 0000 | 4c8b 8c24 | b800 0000 | 488b f848 | 8b94 24a0 
  0x0000023522736044: ;   {optimized virtual_call}
  0x0000023522736044: 0000 00e8 

  0x0000023522736048: ; ImmutableOopMap {}
                      ;*invokevirtual defineClass {reexecute=0 rethrow=0 return_oop=0}
                      ; - java.security.SecureClassLoader::defineClass@8 (line 182)
                      ; - jdk.internal.loader.BuiltinClassLoader::defineClass@79 (line 857)
  0x0000023522736048: 348a b2ff 

  0x000002352273604c: ;   {other}
  0x000002352273604c: 0f1f 8400 | bc06 000b | 4881 c400 | 0100 005d 

  0x000002352273605c: ;   {poll_return}
  0x000002352273605c: 493b a748 | 0400 000f | 8716 0200 | 00c3 4c8b | 8c24 9800 | 0000 498b | d148 b8ff | ffff ffff 
  0x000002352273607c: ;   {virtual_call}
  0x000002352273607c: ffff ffe8 

  0x0000023522736080: ; ImmutableOopMap {[144]=Oop [152]=Oop [160]=Oop [168]=Oop }
                      ;*invokevirtual getBytes {reexecute=0 rethrow=0 return_oop=0}
                      ; - jdk.internal.loader.BuiltinClassLoader::defineClass@84 (line 859)
  0x0000023522736080: 4c9b beff 

  0x0000023522736084: ;   {other}
  0x0000023522736084: 0f1f 8400 | f406 000c | 4889 8424 | c800 0000 | 488b 9424 | 9800 0000 | 9048 b8ff | ffff ffff 
  0x00000235227360a4: ;   {virtual_call}
  0x00000235227360a4: ffff ffe8 

  0x00000235227360a8: ; ImmutableOopMap {[144]=Oop [160]=Oop [168]=Oop [200]=Oop }
                      ;*invokevirtual getCodeSigners {reexecute=0 rethrow=0 return_oop=0}
                      ; - jdk.internal.loader.BuiltinClassLoader::defineClass@90 (line 860)
  0x00000235227360a8: 549b beff 

  0x00000235227360ac: ;   {other}
  0x00000235227360ac: 0f1f 8400 | 1c07 000d 

  0x00000235227360b4: ;   {metadata('java/security/CodeSource')}
  0x00000235227360b4: 4c8b c848 | bac0 5c00 | 2a35 0200 | 0049 8b87 | b801 0000 | 488d 7828 | 493b bfc8 | 0100 000f 
  0x00000235227360d4: 87bc 0100 | 0049 89bf | b801 0000 | 48c7 0001 | 0000 0048 | 8bca 49ba | 0000 002a | 3502 0000 
  0x00000235227360f4: 492b ca89 | 4808 4833 | c989 480c | 4833 c948 | 8948 1048 | 8948 1848 | 8948 204c | 8b84 24a8 
  0x0000023522736114: 0000 0048 | 8bd0 4889 | 8424 d000 | 0000 0f1f 

  0x0000023522736124: ;   {optimized virtual_call}
  0x0000023522736124: 4400 00e8 

  0x0000023522736128: ; ImmutableOopMap {[144]=Oop [160]=Oop [200]=Oop [208]=Oop }
                      ;*invokespecial <init> {reexecute=0 rethrow=0 return_oop=0}
                      ; - jdk.internal.loader.BuiltinClassLoader::defineClass@102 (line 861)
  0x0000023522736128: d450 0200 

  0x000002352273612c: ;   {other}
  0x000002352273612c: 0f1f 8400 | 9c07 000e | 488b 8424 | c800 0000 

  0x000002352273613c: ; implicit exception: dispatches to 0x00000235227362a2
  0x000002352273613c: 8b70 0c4c | 8b84 24d0 | 0000 0048 | 8b94 24a0 | 0000 0089 | b424 d800 

  0x0000023522736154: ;   {optimized virtual_call}
  0x0000023522736154: 0000 90e8 

  0x0000023522736158: ; ImmutableOopMap {[144]=Oop [160]=Oop [200]=Oop }
                      ;*invokevirtual getProtectionDomain {reexecute=0 rethrow=0 return_oop=0}
                      ; - java.security.SecureClassLoader::defineClass@9 (line 150)
                      ; - jdk.internal.loader.BuiltinClassLoader::defineClass@117 (line 862)
  0x0000023522736158: 244b 0200 

  0x000002352273615c: ;   {other}
  0x000002352273615c: 0f1f 8400 | cc07 000f | 4c8b 8424 | 9000 0000 | 4c8b 8c24 | c800 0000 | bf00 0000 | 008b b424 
  0x000002352273617c: d800 0000 | 488b c848 | 8b94 24a0 | 0000 000f 

  0x000002352273618c: ;   {optimized virtual_call}
  0x000002352273618c: 1f40 00e8 

  0x0000023522736190: ; ImmutableOopMap {}
                      ;*invokevirtual defineClass {reexecute=0 rethrow=0 return_oop=0}
                      ; - java.security.SecureClassLoader::defineClass@12 (line 150)
                      ; - jdk.internal.loader.BuiltinClassLoader::defineClass@117 (line 862)
  0x0000023522736190: 6c5e 0200 

  0x0000023522736194: ;   {other}
  0x0000023522736194: 0f1f 8400 | 0408 0010 | 4881 c400 | 0100 005d 

  0x00000235227361a4: ;   {poll_return}
  0x00000235227361a4: 493b a748 | 0400 000f | 87f6 0000 | 00c3 498b | 87f8 0400 | 004d 33d2 | 4d89 97f8 | 0400 004d 
  0x00000235227361c4: 33d2 4d89 | 9700 0500 | 0048 8bf0 | 488d 8424 | e000 0000 | 488b 3848 | 85ff 0f84 | 0f00 0000 
  0x00000235227361e4: 488b 5808 | f048 0fb1 | 3b0f 85ca | 0000 0049 | ff8f 4805 | 0000 488b | c6e9 ee00 

  0x0000023522736200: ;   {runtime_call throw_null_pointer_exception Runtime1 stub}
  0x0000023522736200: 0000 e879 

  0x0000023522736204: ; ImmutableOopMap {rax=Oop r8=Oop [144]=Oop [152]=Oop [160]=Oop [168]=Oop }
                      ;*invokevirtual lastIndexOf {reexecute=0 rethrow=0 return_oop=0}
                      ; - jdk.internal.loader.BuiltinClassLoader::defineClass@8 (line 845)
                      ;   {runtime_call throw_null_pointer_exception Runtime1 stub}
  0x0000023522736204: 9abd ffe8 

  0x0000023522736208: ; ImmutableOopMap {rax=Oop r8=Oop rsi=Oop [144]=Oop [152]=Oop [160]=Oop [168]=Oop }
                      ;*arraylength {reexecute=0 rethrow=0 return_oop=0}
                      ; - java.lang.String::length@4 (line 1519)
                      ; - java.lang.String::lastIndexOf@3 (line 2535)
                      ; - jdk.internal.loader.BuiltinClassLoader::defineClass@8 (line 845)
  0x0000023522736208: 749a bdff | 4c89 4c24 | 0848 8914 

  0x0000023522736214: ;   {runtime_call monitorenter_nofpu Runtime1 stub}
  0x0000023522736214: 24e8 e6d3 

  0x0000023522736218: ; ImmutableOopMap {r9=Oop [144]=Oop [152]=Oop [160]=Oop [168]=Oop [232]=Oop }
                      ;*synchronization entry
                      ; - jdk.internal.loader.Resource::cachedInputStream@-1 (line 76)
                      ; - jdk.internal.loader.Resource::getByteBuffer@1 (line 163)
                      ; - jdk.internal.loader.BuiltinClassLoader::defineClass@45 (line 853)
  0x0000023522736218: bdff e9d7 | fbff ff41 | 8b51 0c48 | 83fa 000f | 840c fcff | ff48 8914 

  0x0000023522736230: ;   {runtime_call g1_pre_barrier_slow}
  0x0000023522736230: 24e8 cafa | bdff e9fe | fbff ff48 | 83f8 000f | 840f fcff | ff4c 890c 

  0x0000023522736248: ;   {runtime_call g1_post_barrier_slow}
  0x0000023522736248: 24e8 3202 | beff e901 | fcff ff48 | 8d84 24e0 | 0000 0048 

  0x000002352273625c: ;   {runtime_call monitorexit_nofpu Runtime1 stub}
  0x000002352273625c: 8904 24e8 | 9cd9 bdff | e919 fcff | ff48 8914 

  0x000002352273626c: ;   {runtime_call throw_class_cast_exception Runtime1 stub}
  0x000002352273626c: 24e8 8ec7 

  0x0000023522736270: ; ImmutableOopMap {[144]=Oop [152]=Oop [160]=Oop [168]=Oop }
                      ;*checkcast {reexecute=0 rethrow=0 return_oop=0}
                      ; - jdk.internal.loader.Resource::getByteBuffer@13 (line 165)
                      ; - jdk.internal.loader.BuiltinClassLoader::defineClass@45 (line 853)
  0x0000023522736270: bdff 488b 

  0x0000023522736274: ;   {runtime_call fast_new_instance Runtime1 stub}
  0x0000023522736274: d2e8 06a3 

  0x0000023522736278: ; ImmutableOopMap {r9=Oop [144]=Oop [160]=Oop [168]=Oop [184]=Oop }
                      ;*new {reexecute=0 rethrow=0 return_oop=0}
                      ; - jdk.internal.loader.BuiltinClassLoader::defineClass@61 (line 856)
  0x0000023522736278: bdff e968 

  0x000002352273627c: ;   {internal_word}
  0x000002352273627c: fdff ff49 | ba5c 6073 | 2235 0200 | 004d 8997 | 6004 0000 

  0x0000023522736290: ;   {runtime_call SafepointBlob}
  0x0000023522736290: e96b f4b2 | ff48 8bd2 

  0x0000023522736298: ;   {runtime_call fast_new_instance Runtime1 stub}
  0x0000023522736298: e8e3 a2bd 

  0x000002352273629c: ; ImmutableOopMap {r9=Oop [144]=Oop [160]=Oop [168]=Oop [200]=Oop }
                      ;*new {reexecute=0 rethrow=0 return_oop=0}
                      ; - jdk.internal.loader.BuiltinClassLoader::defineClass@95 (line 861)
  0x000002352273629c: ffe9 6dfe 

  0x00000235227362a0: ;   {runtime_call throw_null_pointer_exception Runtime1 stub}
  0x00000235227362a0: ffff e8d9 

  0x00000235227362a4: ; ImmutableOopMap {rax=Oop [144]=Oop [160]=Oop [200]=Oop [208]=Oop }
                      ;*arraylength {reexecute=0 rethrow=0 return_oop=0}
                      ; - jdk.internal.loader.BuiltinClassLoader::defineClass@114 (line 862)
                      ;   {internal_word}
  0x00000235227362a4: 99bd ff49 | baa4 6173 | 2235 0200 | 004d 8997 | 6004 0000 

  0x00000235227362b8: ;   {runtime_call SafepointBlob}
  0x00000235227362b8: e943 f4b2 | ff48 8d84 | 24e0 0000 | 0048 8904 

  0x00000235227362c8: ;   {runtime_call monitorexit_nofpu Runtime1 stub}
  0x00000235227362c8: 24e8 32d9 | bdff e927 | ffff ff49 | 8b87 f804 | 0000 49c7 | 87f8 0400 | 0000 0000 | 0049 c787 
  0x00000235227362e8: 0005 0000 | 0000 0000 | 4881 c400 | 0100 005d 

  0x00000235227362f8: ;   {runtime_call unwind_exception Runtime1 stub}
  0x00000235227362f8: e983 8abd | fff4 f4f4 
[Stub Code]
  0x0000023522736300: ;   {no_reloc}
  0x0000023522736300: 0f1f 4400 

  0x0000023522736304: ;   {static_stub}
  0x0000023522736304: 0048 bb00 | 0000 0000 

  0x000002352273630c: ;   {runtime_call}
  0x000002352273630c: 0000 00e9 | fbff ffff 

  0x0000023522736314: ;   {static_stub}
  0x0000023522736314: 9048 bb00 | 0000 0000 

  0x000002352273631c: ;   {runtime_call}
  0x000002352273631c: 0000 00e9 | fbff ffff 

  0x0000023522736324: ;   {static_stub}
  0x0000023522736324: 9048 bb00 | 0000 0000 

  0x000002352273632c: ;   {runtime_call}
  0x000002352273632c: 0000 00e9 | fbff ffff 

  0x0000023522736334: ;   {static_stub}
  0x0000023522736334: 9048 bb00 | 0000 0000 

  0x000002352273633c: ;   {runtime_call}
  0x000002352273633c: 0000 00e9 | fbff ffff 

  0x0000023522736344: ;   {static_stub}
  0x0000023522736344: 9048 bb00 | 0000 0000 

  0x000002352273634c: ;   {runtime_call}
  0x000002352273634c: 0000 00e9 | fbff ffff 

  0x0000023522736354: ;   {static_stub}
  0x0000023522736354: 9048 bb00 | 0000 0000 

  0x000002352273635c: ;   {runtime_call}
  0x000002352273635c: 0000 00e9 | fbff ffff 

  0x0000023522736364: ;   {static_stub}
  0x0000023522736364: 9048 bb00 | 0000 0000 

  0x000002352273636c: ;   {runtime_call}
  0x000002352273636c: 0000 00e9 | fbff ffff 

  0x0000023522736374: ;   {static_stub}
  0x0000023522736374: 9048 bb00 | 0000 0000 

  0x000002352273637c: ;   {runtime_call}
  0x000002352273637c: 0000 00e9 | fbff ffff 

  0x0000023522736384: ;   {static_stub}
  0x0000023522736384: 48bb 0000 | 0000 0000 

  0x000002352273638c: ;   {runtime_call}
  0x000002352273638c: 0000 e9fb 

  0x0000023522736390: ;   {static_stub}
  0x0000023522736390: ffff ff48 | bb00 0000 | 0000 0000 

  0x000002352273639c: ;   {runtime_call}
  0x000002352273639c: 00e9 fbff 

  0x00000235227363a0: ;   {static_stub}
  0x00000235227363a0: ffff 48bb | 0000 0000 | 0000 0000 

  0x00000235227363ac: ;   {runtime_call}
  0x00000235227363ac: e9fb ffff 

  0x00000235227363b0: ;   {static_stub}
  0x00000235227363b0: ff48 bb48 | 4447 2a35 

  0x00000235227363b8: ;   {runtime_call I2C/C2I adapters}
  0x00000235227363b8: 0200 00e9 | ab49 b2ff 

  0x00000235227363c0: ;   {static_stub}
  0x00000235227363c0: 48bb e0d2 | 042a 3502 

  0x00000235227363c8: ;   {runtime_call I2C/C2I adapters}
  0x00000235227363c8: 0000 e918 

  0x00000235227363cc: ;   {static_stub}
  0x00000235227363cc: deb2 ff48 | bb00 0000 | 0000 0000 

  0x00000235227363d8: ;   {runtime_call}
  0x00000235227363d8: 00e9 fbff 

  0x00000235227363dc: ;   {static_stub}
  0x00000235227363dc: ffff 48bb | f8af 432a | 3502 0000 

  0x00000235227363e8: ;   {runtime_call I2C/C2I adapters}
  0x00000235227363e8: e988 adb1 

  0x00000235227363ec: ;   {runtime_call handle_exception_from_callee Runtime1 stub}
  0x00000235227363ec: ffe8 8ebb 

  0x00000235227363f0: ;   {external_word}
  0x00000235227363f0: bdff 48b9 | a046 601c | fc7f 0000 | 4883 e4f0 

  0x0000023522736400: ;   {runtime_call}
  0x0000023522736400: 48b8 b028 | 281c fc7f | 0000 ffd0 

  0x000002352273640c: ;   {section_word}
  0x000002352273640c: f449 ba0d | 6473 2235 | 0200 0041 

  0x0000023522736418: ;   {runtime_call DeoptimizationBlob}
  0x0000023522736418: 52e9 82e5 | b2ff f4f4 
[/MachCode]


---------------  P R O C E S S  ---------------

Threads class SMR info:
_java_thread_list=0x000002356f53ace0, length=17, elements={
0x0000023519d9bfb0, 0x0000023529787cd0, 0x0000023529788ae0, 0x000002352978e640,
0x0000023529790480, 0x0000023529791ee0, 0x000002352979aa70, 0x000002352979c8e0,
0x000002352975d170, 0x0000023529cd2ed0, 0x000002356f18df10, 0x000002356f18e570,
0x000002356f273930, 0x000002356f2d5a60, 0x0000023570cf0f20, 0x000002357053a620,
0x000002356f53eb70
}

Java Threads: ( => current thread )
=>0x0000023519d9bfb0 JavaThread "main"                              [_thread_in_vm, id=33380, stack(0x0000009b22e00000,0x0000009b22f00000) (1024K)]
  0x0000023529787cd0 JavaThread "Reference Handler"          daemon [_thread_blocked, id=35892, stack(0x0000009b23600000,0x0000009b23700000) (1024K)]
  0x0000023529788ae0 JavaThread "Finalizer"                  daemon [_thread_blocked, id=63400, stack(0x0000009b23700000,0x0000009b23800000) (1024K)]
  0x000002352978e640 JavaThread "Signal Dispatcher"          daemon [_thread_blocked, id=14524, stack(0x0000009b23800000,0x0000009b23900000) (1024K)]
  0x0000023529790480 JavaThread "Attach Listener"            daemon [_thread_blocked, id=66996, stack(0x0000009b23900000,0x0000009b23a00000) (1024K)]
  0x0000023529791ee0 JavaThread "Service Thread"             daemon [_thread_blocked, id=39900, stack(0x0000009b23a00000,0x0000009b23b00000) (1024K)]
  0x000002352979aa70 JavaThread "Monitor Deflation Thread"   daemon [_thread_blocked, id=56560, stack(0x0000009b23b00000,0x0000009b23c00000) (1024K)]
  0x000002352979c8e0 JavaThread "C1 CompilerThread0"         daemon [_thread_blocked, id=13300, stack(0x0000009b23c00000,0x0000009b23d00000) (1024K)]
  0x000002352975d170 JavaThread "Common-Cleaner"             daemon [_thread_blocked, id=8448, stack(0x0000009b23d00000,0x0000009b23e00000) (1024K)]
  0x0000023529cd2ed0 JavaThread "C1 CompilerThread1"         daemon [_thread_blocked, id=49552, stack(0x0000009b23e00000,0x0000009b23f00000) (1024K)]
  0x000002356f18df10 JavaThread "Monitor Ctrl-Break"         daemon [_thread_in_native, id=10332, stack(0x0000009b23f00000,0x0000009b24000000) (1024K)]
  0x000002356f18e570 JavaThread "Notification Thread"        daemon [_thread_blocked, id=17172, stack(0x0000009b24000000,0x0000009b24100000) (1024K)]
  0x000002356f273930 JavaThread "C1 CompilerThread2"         daemon [_thread_blocked, id=10128, stack(0x0000009b24100000,0x0000009b24200000) (1024K)]
  0x000002356f2d5a60 JavaThread "RMI TCP Accept-0"           daemon [_thread_in_native, id=57472, stack(0x0000009b24300000,0x0000009b24400000) (1024K)]
  0x0000023570cf0f20 JavaThread "Catalina-utility-1"                [_thread_blocked, id=65184, stack(0x0000009b24200000,0x0000009b24300000) (1024K)]
  0x000002357053a620 JavaThread "Catalina-utility-2"                [_thread_blocked, id=4064, stack(0x0000009b24b00000,0x0000009b24c00000) (1024K)]
  0x000002356f53eb70 JavaThread "container-0"                       [_thread_blocked, id=59664, stack(0x0000009b24d00000,0x0000009b24e00000) (1024K)]
Total: 17

Other Threads:
  0x0000023529770210 VMThread "VM Thread"                           [id=38228, stack(0x0000009b23500000,0x0000009b23600000) (1024K)]
  0x000002352975c590 WatcherThread "VM Periodic Task Thread"        [id=9144, stack(0x0000009b23400000,0x0000009b23500000) (1024K)]
  0x0000023519de5ca0 WorkerThread "GC Thread#0"                     [id=24048, stack(0x0000009b22f00000,0x0000009b23000000) (1024K)]
  0x000002356f68b090 WorkerThread "GC Thread#1"                     [id=56236, stack(0x0000009b24400000,0x0000009b24500000) (1024K)]
  0x000002356f6a63c0 WorkerThread "GC Thread#2"                     [id=30160, stack(0x0000009b24500000,0x0000009b24600000) (1024K)]
  0x000002356f6a77e0 WorkerThread "GC Thread#3"                     [id=27892, stack(0x0000009b24600000,0x0000009b24700000) (1024K)]
  0x000002356f6b0960 WorkerThread "GC Thread#4"                     [id=55264, stack(0x0000009b24700000,0x0000009b24800000) (1024K)]
  0x000002356f6b0d00 WorkerThread "GC Thread#5"                     [id=45100, stack(0x0000009b24800000,0x0000009b24900000) (1024K)]
  0x000002356f6b10a0 WorkerThread "GC Thread#6"                     [id=19220, stack(0x0000009b24900000,0x0000009b24a00000) (1024K)]
  0x000002356fe64750 WorkerThread "GC Thread#7"                     [id=31344, stack(0x0000009b24a00000,0x0000009b24b00000) (1024K)]
  0x0000023519df27c0 ConcurrentGCThread "G1 Main Marker"            [id=27836, stack(0x0000009b23000000,0x0000009b23100000) (1024K)]
  0x0000023519df3470 WorkerThread "G1 Conc#0"                       [id=25368, stack(0x0000009b23100000,0x0000009b23200000) (1024K)]
  0x000002356ff85cd0 WorkerThread "G1 Conc#1"                       [id=27776, stack(0x0000009b24c00000,0x0000009b24d00000) (1024K)]
  0x000002352962f130 ConcurrentGCThread "G1 Refine#0"               [id=43340, stack(0x0000009b23200000,0x0000009b23300000) (1024K)]
  0x000002352962fca0 ConcurrentGCThread "G1 Service"                [id=45472, stack(0x0000009b23300000,0x0000009b23400000) (1024K)]
Total: 15

Threads with active compile tasks:
Total: 0

VM state: not at safepoint (normal execution)

VM Mutex/Monitor currently owned by a thread:  ([mutex/lock_event])
[0x00007ffc1c89be18] Metaspace_lock - owner thread: 0x0000023519d9bfb0

Heap address: 0x00000000a2600000, size: 1498 MB, Compressed Oops mode: 32-bit

CDS archive(s) mapped at: [0x000002352a000000-0x000002352ac90000-0x000002352ac90000), size 13172736, SharedBaseAddress: 0x000002352a000000, ArchiveRelocationMode: 1.
Compressed class space mapped at: 0x000002352b000000-0x000002356b000000, reserved size: 1073741824
Narrow klass base: 0x000002352a000000, Narrow klass shift: 0, Narrow klass range: 0x100000000

GC Precious Log:
 CardTable entry size: 512
 Card Set container configuration: InlinePtr #cards 5 size 8 Array Of Cards #cards 12 size 40 Howl #buckets 4 coarsen threshold 1843 Howl Bitmap #cards 512 size 80 coarsen threshold 460 Card regions per heap region 1 cards per card region 2048
 CPUs: 8 total, 8 available
 Memory: 5989M
 Large Page Support: Disabled
 NUMA Support: Disabled
 Compressed Oops: Enabled (32-bit)
 Heap Region Size: 1M
 Heap Min Capacity: 8M
 Heap Initial Capacity: 94M
 Heap Max Capacity: 1498M
 Pre-touch: Disabled
 Parallel Workers: 8
 Concurrent Workers: 2
 Concurrent Refinement Workers: 8
 Periodic GC: Disabled

Heap:
 garbage-first heap   total 73728K, used 34762K [0x00000000a2600000, 0x0000000100000000)
  region size 1024K, 9 young (9216K), 1 survivors (1024K)
 Metaspace       used 36466K, committed 37056K, reserved 1114112K
  class space    used 4977K, committed 5248K, reserved 1048576K

Heap Regions: E=young(eden), S=young(survivor), O=old, HS=humongous(starts), HC=humongous(continues), CS=collection set, F=free, TAMS=top-at-mark-start, PB=parsable bottom
|   0|0x00000000a2600000, 0x00000000a2700000, 0x00000000a2700000|100%|HS|  |TAMS 0x00000000a2600000| PB 0x00000000a2600000| Complete 
|   1|0x00000000a2700000, 0x00000000a2800000, 0x00000000a2800000|100%| O|  |TAMS 0x00000000a2700000| PB 0x00000000a2700000| Untracked 
|   2|0x00000000a2800000, 0x00000000a2900000, 0x00000000a2900000|100%| O|  |TAMS 0x00000000a2800000| PB 0x00000000a2800000| Untracked 
|   3|0x00000000a2900000, 0x00000000a2a00000, 0x00000000a2a00000|100%| O|  |TAMS 0x00000000a2900000| PB 0x00000000a2900000| Untracked 
|   4|0x00000000a2a00000, 0x00000000a2b00000, 0x00000000a2b00000|100%| O|  |TAMS 0x00000000a2a00000| PB 0x00000000a2a00000| Untracked 
|   5|0x00000000a2b00000, 0x00000000a2c00000, 0x00000000a2c00000|100%| O|  |TAMS 0x00000000a2b00000| PB 0x00000000a2b00000| Untracked 
|   6|0x00000000a2c00000, 0x00000000a2d00000, 0x00000000a2d00000|100%| O|  |TAMS 0x00000000a2c00000| PB 0x00000000a2c00000| Untracked 
|   7|0x00000000a2d00000, 0x00000000a2e00000, 0x00000000a2e00000|100%| O|  |TAMS 0x00000000a2d00000| PB 0x00000000a2d00000| Untracked 
|   8|0x00000000a2e00000, 0x00000000a2f00000, 0x00000000a2f00000|100%| O|  |TAMS 0x00000000a2e00000| PB 0x00000000a2e00000| Untracked 
|   9|0x00000000a2f00000, 0x00000000a3000000, 0x00000000a3000000|100%| O|  |TAMS 0x00000000a2f00000| PB 0x00000000a2f00000| Untracked 
|  10|0x00000000a3000000, 0x00000000a3100000, 0x00000000a3100000|100%| O|  |TAMS 0x00000000a3000000| PB 0x00000000a3000000| Untracked 
|  11|0x00000000a3100000, 0x00000000a3200000, 0x00000000a3200000|100%| O|  |TAMS 0x00000000a3100000| PB 0x00000000a3100000| Untracked 
|  12|0x00000000a3200000, 0x00000000a3300000, 0x00000000a3300000|100%| O|  |TAMS 0x00000000a3200000| PB 0x00000000a3200000| Untracked 
|  13|0x00000000a3300000, 0x00000000a3400000, 0x00000000a3400000|100%| O|  |TAMS 0x00000000a3300000| PB 0x00000000a3300000| Untracked 
|  14|0x00000000a3400000, 0x00000000a3500000, 0x00000000a3500000|100%| O|  |TAMS 0x00000000a3400000| PB 0x00000000a3400000| Untracked 
|  15|0x00000000a3500000, 0x00000000a3600000, 0x00000000a3600000|100%| O|  |TAMS 0x00000000a3500000| PB 0x00000000a3500000| Untracked 
|  16|0x00000000a3600000, 0x00000000a3700000, 0x00000000a3700000|100%| O|  |TAMS 0x00000000a3600000| PB 0x00000000a3600000| Untracked 
|  17|0x00000000a3700000, 0x00000000a3800000, 0x00000000a3800000|100%| O|  |TAMS 0x00000000a3700000| PB 0x00000000a3700000| Untracked 
|  18|0x00000000a3800000, 0x00000000a3900000, 0x00000000a3900000|100%| O|  |TAMS 0x00000000a3800000| PB 0x00000000a3800000| Untracked 
|  19|0x00000000a3900000, 0x00000000a3a00000, 0x00000000a3a00000|100%| O|  |TAMS 0x00000000a3900000| PB 0x00000000a3900000| Untracked 
|  20|0x00000000a3a00000, 0x00000000a3b00000, 0x00000000a3b00000|100%| O|  |TAMS 0x00000000a3a00000| PB 0x00000000a3a00000| Untracked 
|  21|0x00000000a3b00000, 0x00000000a3c00000, 0x00000000a3c00000|100%| O|  |TAMS 0x00000000a3b00000| PB 0x00000000a3b00000| Untracked 
|  22|0x00000000a3c00000, 0x00000000a3d00000, 0x00000000a3d00000|100%| O|  |TAMS 0x00000000a3c00000| PB 0x00000000a3c00000| Untracked 
|  23|0x00000000a3d00000, 0x00000000a3d00000, 0x00000000a3e00000|  0%| F|  |TAMS 0x00000000a3d00000| PB 0x00000000a3d00000| Untracked 
|  24|0x00000000a3e00000, 0x00000000a3f00000, 0x00000000a3f00000|100%| O|Cm|TAMS 0x00000000a3e00000| PB 0x00000000a3e00000| Complete 
|  25|0x00000000a3f00000, 0x00000000a3f00000, 0x00000000a4000000|  0%| F|  |TAMS 0x00000000a3f00000| PB 0x00000000a3f00000| Untracked 
|  26|0x00000000a4000000, 0x00000000a4000000, 0x00000000a4100000|  0%| F|  |TAMS 0x00000000a4000000| PB 0x00000000a4000000| Untracked 
|  27|0x00000000a4100000, 0x00000000a4200000, 0x00000000a4200000|100%| O|  |TAMS 0x00000000a4100000| PB 0x00000000a4100000| Untracked 
|  28|0x00000000a4200000, 0x00000000a42fc600, 0x00000000a4300000| 98%| O|  |TAMS 0x00000000a4200000| PB 0x00000000a4200000| Untracked 
|  29|0x00000000a4300000, 0x00000000a4300000, 0x00000000a4400000|  0%| F|  |TAMS 0x00000000a4300000| PB 0x00000000a4300000| Untracked 
|  30|0x00000000a4400000, 0x00000000a4400000, 0x00000000a4500000|  0%| F|  |TAMS 0x00000000a4400000| PB 0x00000000a4400000| Untracked 
|  31|0x00000000a4500000, 0x00000000a4500000, 0x00000000a4600000|  0%| F|  |TAMS 0x00000000a4500000| PB 0x00000000a4500000| Untracked 
|  32|0x00000000a4600000, 0x00000000a4600000, 0x00000000a4700000|  0%| F|  |TAMS 0x00000000a4600000| PB 0x00000000a4600000| Untracked 
|  33|0x00000000a4700000, 0x00000000a4700000, 0x00000000a4800000|  0%| F|  |TAMS 0x00000000a4700000| PB 0x00000000a4700000| Untracked 
|  34|0x00000000a4800000, 0x00000000a4800000, 0x00000000a4900000|  0%| F|  |TAMS 0x00000000a4800000| PB 0x00000000a4800000| Untracked 
|  35|0x00000000a4900000, 0x00000000a4900000, 0x00000000a4a00000|  0%| F|  |TAMS 0x00000000a4900000| PB 0x00000000a4900000| Untracked 
|  36|0x00000000a4a00000, 0x00000000a4a00000, 0x00000000a4b00000|  0%| F|  |TAMS 0x00000000a4a00000| PB 0x00000000a4a00000| Untracked 
|  37|0x00000000a4b00000, 0x00000000a4b00000, 0x00000000a4c00000|  0%| F|  |TAMS 0x00000000a4b00000| PB 0x00000000a4b00000| Untracked 
|  38|0x00000000a4c00000, 0x00000000a4c00000, 0x00000000a4d00000|  0%| F|  |TAMS 0x00000000a4c00000| PB 0x00000000a4c00000| Untracked 
|  39|0x00000000a4d00000, 0x00000000a4d00000, 0x00000000a4e00000|  0%| F|  |TAMS 0x00000000a4d00000| PB 0x00000000a4d00000| Untracked 
|  40|0x00000000a4e00000, 0x00000000a4e00000, 0x00000000a4f00000|  0%| F|  |TAMS 0x00000000a4e00000| PB 0x00000000a4e00000| Untracked 
|  41|0x00000000a4f00000, 0x00000000a4f00000, 0x00000000a5000000|  0%| F|  |TAMS 0x00000000a4f00000| PB 0x00000000a4f00000| Untracked 
|  42|0x00000000a5000000, 0x00000000a5000000, 0x00000000a5100000|  0%| F|  |TAMS 0x00000000a5000000| PB 0x00000000a5000000| Untracked 
|  43|0x00000000a5100000, 0x00000000a5100000, 0x00000000a5200000|  0%| F|  |TAMS 0x00000000a5100000| PB 0x00000000a5100000| Untracked 
|  44|0x00000000a5200000, 0x00000000a5200000, 0x00000000a5300000|  0%| F|  |TAMS 0x00000000a5200000| PB 0x00000000a5200000| Untracked 
|  45|0x00000000a5300000, 0x00000000a5300000, 0x00000000a5400000|  0%| F|  |TAMS 0x00000000a5300000| PB 0x00000000a5300000| Untracked 
|  46|0x00000000a5400000, 0x00000000a5400000, 0x00000000a5500000|  0%| F|  |TAMS 0x00000000a5400000| PB 0x00000000a5400000| Untracked 
|  47|0x00000000a5500000, 0x00000000a5500000, 0x00000000a5600000|  0%| F|  |TAMS 0x00000000a5500000| PB 0x00000000a5500000| Untracked 
|  48|0x00000000a5600000, 0x00000000a5600000, 0x00000000a5700000|  0%| F|  |TAMS 0x00000000a5600000| PB 0x00000000a5600000| Untracked 
|  49|0x00000000a5700000, 0x00000000a5700000, 0x00000000a5800000|  0%| F|  |TAMS 0x00000000a5700000| PB 0x00000000a5700000| Untracked 
|  50|0x00000000a5800000, 0x00000000a5800000, 0x00000000a5900000|  0%| F|  |TAMS 0x00000000a5800000| PB 0x00000000a5800000| Untracked 
|  51|0x00000000a5900000, 0x00000000a5900000, 0x00000000a5a00000|  0%| F|  |TAMS 0x00000000a5900000| PB 0x00000000a5900000| Untracked 
|  52|0x00000000a5a00000, 0x00000000a5a00000, 0x00000000a5b00000|  0%| F|  |TAMS 0x00000000a5a00000| PB 0x00000000a5a00000| Untracked 
|  53|0x00000000a5b00000, 0x00000000a5b00000, 0x00000000a5c00000|  0%| F|  |TAMS 0x00000000a5b00000| PB 0x00000000a5b00000| Untracked 
|  54|0x00000000a5c00000, 0x00000000a5c00000, 0x00000000a5d00000|  0%| F|  |TAMS 0x00000000a5c00000| PB 0x00000000a5c00000| Untracked 
|  55|0x00000000a5d00000, 0x00000000a5d00000, 0x00000000a5e00000|  0%| F|  |TAMS 0x00000000a5d00000| PB 0x00000000a5d00000| Untracked 
|  56|0x00000000a5e00000, 0x00000000a5e00000, 0x00000000a5f00000|  0%| F|  |TAMS 0x00000000a5e00000| PB 0x00000000a5e00000| Untracked 
|  57|0x00000000a5f00000, 0x00000000a5f00000, 0x00000000a6000000|  0%| F|  |TAMS 0x00000000a5f00000| PB 0x00000000a5f00000| Untracked 
|  58|0x00000000a6000000, 0x00000000a6000000, 0x00000000a6100000|  0%| F|  |TAMS 0x00000000a6000000| PB 0x00000000a6000000| Untracked 
|  59|0x00000000a6100000, 0x00000000a6100000, 0x00000000a6200000|  0%| F|  |TAMS 0x00000000a6100000| PB 0x00000000a6100000| Untracked 
|  60|0x00000000a6200000, 0x00000000a6200000, 0x00000000a6300000|  0%| F|  |TAMS 0x00000000a6200000| PB 0x00000000a6200000| Untracked 
|  61|0x00000000a6300000, 0x00000000a6300000, 0x00000000a6400000|  0%| F|  |TAMS 0x00000000a6300000| PB 0x00000000a6300000| Untracked 
|  62|0x00000000a6400000, 0x00000000a6400000, 0x00000000a6500000|  0%| F|  |TAMS 0x00000000a6400000| PB 0x00000000a6400000| Untracked 
|  63|0x00000000a6500000, 0x00000000a65814c8, 0x00000000a6600000| 50%| E|  |TAMS 0x00000000a6500000| PB 0x00000000a6500000| Complete 
|  64|0x00000000a6600000, 0x00000000a6700000, 0x00000000a6700000|100%| E|CS|TAMS 0x00000000a6600000| PB 0x00000000a6600000| Complete 
|  65|0x00000000a6700000, 0x00000000a67f6300, 0x00000000a6800000| 96%| S|CS|TAMS 0x00000000a6700000| PB 0x00000000a6700000| Complete 
|  76|0x00000000a7200000, 0x00000000a7300000, 0x00000000a7300000|100%| E|CS|TAMS 0x00000000a7200000| PB 0x00000000a7200000| Complete 
|  77|0x00000000a7300000, 0x00000000a7400000, 0x00000000a7400000|100%| E|CS|TAMS 0x00000000a7300000| PB 0x00000000a7300000| Complete 
|  78|0x00000000a7400000, 0x00000000a7500000, 0x00000000a7500000|100%| E|CS|TAMS 0x00000000a7400000| PB 0x00000000a7400000| Complete 
|  79|0x00000000a7500000, 0x00000000a7600000, 0x00000000a7600000|100%| E|CS|TAMS 0x00000000a7500000| PB 0x00000000a7500000| Complete 
|  80|0x00000000a7600000, 0x00000000a7700000, 0x00000000a7700000|100%| E|CS|TAMS 0x00000000a7600000| PB 0x00000000a7600000| Complete 
|  93|0x00000000a8300000, 0x00000000a8400000, 0x00000000a8400000|100%| E|CS|TAMS 0x00000000a8300000| PB 0x00000000a8300000| Complete 

Card table byte_map: [0x0000023525610000,0x0000023525900000] _byte_map_base: 0x00000235250fd000

Marking Bits: (CMBitMap*) 0x0000023519de63a0
 Bits: [0x0000023525900000, 0x0000023527068000)

Polling page: 0x0000023517cb0000

Metaspace:

Usage:
  Non-class:     30.75 MB used.
      Class:      4.86 MB used.
       Both:     35.61 MB used.

Virtual space:
  Non-class space:       64.00 MB reserved,      31.06 MB ( 49%) committed,  1 nodes.
      Class space:        1.00 GB reserved,       5.12 MB ( <1%) committed,  1 nodes.
             Both:        1.06 GB reserved,      36.19 MB (  3%) committed. 

Chunk freelists:
   Non-Class:  752.00 KB
       Class:  10.70 MB
        Both:  11.44 MB

MaxMetaspaceSize: unlimited
CompressedClassSpaceSize: 1.00 GB
Initial GC threshold: 21.00 MB
Current GC threshold: 59.00 MB
CDS: on
 - commit_granule_bytes: 65536.
 - commit_granule_words: 8192.
 - virtual_space_node_default_size: 8388608.
 - enlarge_chunks_in_place: 1.
 - use_allocation_guard: 0.


Internal statistics:

num_allocs_failed_limit: 6.
num_arena_births: 758.
num_arena_deaths: 0.
num_vsnodes_births: 2.
num_vsnodes_deaths: 0.
num_space_committed: 579.
num_space_uncommitted: 0.
num_chunks_returned_to_freelist: 6.
num_chunks_taken_from_freelist: 2003.
num_chunk_merges: 6.
num_chunk_splits: 1387.
num_chunks_enlarged: 1029.
num_inconsistent_stats: 0.

CodeCache: size=49152Kb used=9854Kb max_used=9887Kb free=39297Kb
 bounds [0x0000023522210000, 0x0000023522bc0000, 0x0000023525210000]
 total_blobs=5295 nmethods=4738 adapters=479
 compilation: enabled
              stopped_count=0, restarted_count=0
 full_count=0

Compilation events (20 events):
Event: 9.195 Thread 0x0000023529cd2ed0 nmethod 4773 0x0000023522823610 code [0x00000235228237c0, 0x0000023522823910]
Event: 9.195 Thread 0x000002356f273930 nmethod 4774 0x0000023522607b10 code [0x0000023522607ce0, 0x0000023522607f10]
Event: 9.195 Thread 0x000002356f273930 4775   !   1       jdk.proxy2.$Proxy12::attribute (29 bytes)
Event: 9.195 Thread 0x000002356f273930 nmethod 4775 0x0000023522607590 code [0x0000023522607760, 0x0000023522607990]
Event: 9.229 Thread 0x000002356f273930 4776       1       com.fasterxml.jackson.databind.type.ClassKey::<init> (29 bytes)
Event: 9.229 Thread 0x000002356f273930 nmethod 4776 0x0000023522607090 code [0x0000023522607240, 0x0000023522607430]
Event: 9.230 Thread 0x000002356f273930 4777       1       org.springframework.util.ClassUtils::isAssignableValue (34 bytes)
Event: 9.231 Thread 0x0000023529cd2ed0 4778       1       java.lang.invoke.LambdaFormBuffer::indexOf (25 bytes)
Event: 9.231 Thread 0x000002356f273930 nmethod 4777 0x000002352268a990 code [0x000002352268ab40, 0x000002352268ad00]
Event: 9.231 Thread 0x0000023529cd2ed0 nmethod 4778 0x000002352268a610 code [0x000002352268a7a0, 0x000002352268a8b8]
Event: 9.239 Thread 0x0000023529cd2ed0 4779       1       java.lang.Exception::<init> (6 bytes)
Event: 9.239 Thread 0x0000023529cd2ed0 nmethod 4779 0x000002352268a110 code [0x000002352268a2c0, 0x000002352268a558]
Event: 9.240 Thread 0x0000023529cd2ed0 4780       1       java.lang.invoke.LambdaForm$Name::cloneWithIndex (47 bytes)
Event: 9.240 Thread 0x0000023529cd2ed0 nmethod 4780 0x000002352279f390 code [0x000002352279f560, 0x000002352279f840]
Event: 9.241 Thread 0x000002356f273930 4781       1       org.springframework.beans.factory.support.AbstractAutowireCapableBeanFactory::applyBeanPostProcessorsBeforeInitialization (61 bytes)
Event: 9.241 Thread 0x000002356f273930 nmethod 4781 0x000002352279ee10 code [0x000002352279f000, 0x000002352279f268]
Event: 9.243 Thread 0x000002356f273930 4782       1       java.util.concurrent.ConcurrentHashMap$KeySetView::remove (17 bytes)
Event: 9.243 Thread 0x000002356f273930 nmethod 4782 0x0000023522689d10 code [0x0000023522689ec0, 0x0000023522689fd0]
Event: 9.253 Thread 0x000002356f273930 4783       1       org.springframework.boot.context.properties.ConfigurationPropertiesBean::findAnnotation (90 bytes)
Event: 9.253 Thread 0x000002356f273930 nmethod 4783 0x0000023522805d90 code [0x0000023522806000, 0x0000023522806470]

GC Heap History (18 events):
Event: 1.281 GC heap before
{Heap before GC invocations=0 (full 0):
 garbage-first heap   total 96256K, used 25600K [0x00000000a2600000, 0x0000000100000000)
  region size 1024K, 23 young (23552K), 0 survivors (0K)
 Metaspace       used 6774K, committed 6976K, reserved 1114112K
  class space    used 802K, committed 896K, reserved 1048576K
}
Event: 1.288 GC heap after
{Heap after GC invocations=1 (full 0):
 garbage-first heap   total 96256K, used 8320K [0x00000000a2600000, 0x0000000100000000)
  region size 1024K, 3 young (3072K), 3 survivors (3072K)
 Metaspace       used 6774K, committed 6976K, reserved 1114112K
  class space    used 802K, committed 896K, reserved 1048576K
}
Event: 1.893 GC heap before
{Heap before GC invocations=1 (full 0):
 garbage-first heap   total 96256K, used 40064K [0x00000000a2600000, 0x0000000100000000)
  region size 1024K, 31 young (31744K), 3 survivors (3072K)
 Metaspace       used 11636K, committed 11968K, reserved 1114112K
  class space    used 1471K, committed 1664K, reserved 1048576K
}
Event: 1.902 GC heap after
{Heap after GC invocations=2 (full 0):
 garbage-first heap   total 96256K, used 13942K [0x00000000a2600000, 0x0000000100000000)
  region size 1024K, 4 young (4096K), 4 survivors (4096K)
 Metaspace       used 11636K, committed 11968K, reserved 1114112K
  class space    used 1471K, committed 1664K, reserved 1048576K
}
Event: 2.629 GC heap before
{Heap before GC invocations=2 (full 0):
 garbage-first heap   total 96256K, used 49782K [0x00000000a2600000, 0x0000000100000000)
  region size 1024K, 40 young (40960K), 4 survivors (4096K)
 Metaspace       used 19438K, committed 19840K, reserved 1114112K
  class space    used 2592K, committed 2752K, reserved 1048576K
}
Event: 2.670 GC heap after
{Heap after GC invocations=3 (full 0):
 garbage-first heap   total 96256K, used 17002K [0x00000000a2600000, 0x0000000100000000)
  region size 1024K, 3 young (3072K), 3 survivors (3072K)
 Metaspace       used 19438K, committed 19840K, reserved 1114112K
  class space    used 2592K, committed 2752K, reserved 1048576K
}
Event: 3.042 GC heap before
{Heap before GC invocations=3 (full 0):
 garbage-first heap   total 96256K, used 28266K [0x00000000a2600000, 0x0000000100000000)
  region size 1024K, 16 young (16384K), 3 survivors (3072K)
 Metaspace       used 21254K, committed 21504K, reserved 1114112K
  class space    used 2780K, committed 2880K, reserved 1048576K
}
Event: 3.046 GC heap after
{Heap after GC invocations=4 (full 0):
 garbage-first heap   total 96256K, used 18556K [0x00000000a2600000, 0x0000000100000000)
  region size 1024K, 5 young (5120K), 5 survivors (5120K)
 Metaspace       used 21254K, committed 21504K, reserved 1114112K
  class space    used 2780K, committed 2880K, reserved 1048576K
}
Event: 3.661 GC heap before
{Heap before GC invocations=5 (full 0):
 garbage-first heap   total 61440K, used 48252K [0x00000000a2600000, 0x0000000100000000)
  region size 1024K, 36 young (36864K), 5 survivors (5120K)
 Metaspace       used 24624K, committed 25024K, reserved 1114112K
  class space    used 3278K, committed 3456K, reserved 1048576K
}
Event: 3.669 GC heap after
{Heap after GC invocations=6 (full 0):
 garbage-first heap   total 61440K, used 19425K [0x00000000a2600000, 0x0000000100000000)
  region size 1024K, 5 young (5120K), 5 survivors (5120K)
 Metaspace       used 24624K, committed 25024K, reserved 1114112K
  class space    used 3278K, committed 3456K, reserved 1048576K
}
Event: 5.458 GC heap before
{Heap before GC invocations=6 (full 0):
 garbage-first heap   total 61440K, used 47073K [0x00000000a2600000, 0x0000000100000000)
  region size 1024K, 33 young (33792K), 5 survivors (5120K)
 Metaspace       used 26802K, committed 27200K, reserved 1114112K
  class space    used 3584K, committed 3776K, reserved 1048576K
}
Event: 5.471 GC heap after
{Heap after GC invocations=7 (full 0):
 garbage-first heap   total 73728K, used 21662K [0x00000000a2600000, 0x0000000100000000)
  region size 1024K, 3 young (3072K), 3 survivors (3072K)
 Metaspace       used 26802K, committed 27200K, reserved 1114112K
  class space    used 3584K, committed 3776K, reserved 1048576K
}
Event: 7.666 GC heap before
{Heap before GC invocations=7 (full 0):
 garbage-first heap   total 73728K, used 59550K [0x00000000a2600000, 0x0000000100000000)
  region size 1024K, 40 young (40960K), 3 survivors (3072K)
 Metaspace       used 29959K, committed 30400K, reserved 1114112K
  class space    used 4027K, committed 4224K, reserved 1048576K
}
Event: 7.675 GC heap after
{Heap after GC invocations=8 (full 0):
 garbage-first heap   total 73728K, used 23812K [0x00000000a2600000, 0x0000000100000000)
  region size 1024K, 5 young (5120K), 5 survivors (5120K)
 Metaspace       used 29959K, committed 30400K, reserved 1114112K
  class space    used 4027K, committed 4224K, reserved 1048576K
}
Event: 9.022 GC heap before
{Heap before GC invocations=8 (full 0):
 garbage-first heap   total 73728K, used 62724K [0x00000000a2600000, 0x0000000100000000)
  region size 1024K, 42 young (43008K), 5 survivors (5120K)
 Metaspace       used 35264K, committed 35840K, reserved 1114112K
  class space    used 4797K, committed 5056K, reserved 1048576K
}
Event: 9.032 GC heap after
{Heap after GC invocations=9 (full 0):
 garbage-first heap   total 73728K, used 27305K [0x00000000a2600000, 0x0000000100000000)
  region size 1024K, 6 young (6144K), 6 survivors (6144K)
 Metaspace       used 35264K, committed 35840K, reserved 1114112K
  class space    used 4797K, committed 5056K, reserved 1048576K
}
Event: 9.121 GC heap before
{Heap before GC invocations=9 (full 0):
 garbage-first heap   total 73728K, used 32425K [0x00000000a2600000, 0x0000000100000000)
  region size 1024K, 12 young (12288K), 6 survivors (6144K)
 Metaspace       used 35557K, committed 36096K, reserved 1114112K
  class space    used 4841K, committed 5120K, reserved 1048576K
}
Event: 9.125 GC heap after
{Heap after GC invocations=10 (full 0):
 garbage-first heap   total 73728K, used 27594K [0x00000000a2600000, 0x0000000100000000)
  region size 1024K, 1 young (1024K), 1 survivors (1024K)
 Metaspace       used 35557K, committed 36096K, reserved 1114112K
  class space    used 4841K, committed 5120K, reserved 1048576K
}

Dll operation events (12 events):
Event: 0.022 Loaded shared library C:\Users\muhammad hanif\ProgramEnv\jdk-21_windows-x64_bin\jdk-21.0.6\bin\java.dll
Event: 0.172 Loaded shared library C:\Users\muhammad hanif\ProgramEnv\jdk-21_windows-x64_bin\jdk-21.0.6\bin\zip.dll
Event: 0.177 Loaded shared library C:\Users\muhammad hanif\ProgramEnv\jdk-21_windows-x64_bin\jdk-21.0.6\bin\instrument.dll
Event: 0.183 Loaded shared library C:\Users\muhammad hanif\ProgramEnv\jdk-21_windows-x64_bin\jdk-21.0.6\bin\net.dll
Event: 0.185 Loaded shared library C:\Users\muhammad hanif\ProgramEnv\jdk-21_windows-x64_bin\jdk-21.0.6\bin\nio.dll
Event: 0.187 Loaded shared library C:\Users\muhammad hanif\ProgramEnv\jdk-21_windows-x64_bin\jdk-21.0.6\bin\zip.dll
Event: 0.590 Loaded shared library C:\Program Files\JetBrains\IntelliJ IDEA 2024.3.2.2\bin\breakgen64.dll
Event: 0.599 Loaded shared library C:\Users\muhammad hanif\ProgramEnv\jdk-21_windows-x64_bin\jdk-21.0.6\bin\extnet.dll
Event: 0.611 Loaded shared library C:\Users\muhammad hanif\ProgramEnv\jdk-21_windows-x64_bin\jdk-21.0.6\bin\jimage.dll
Event: 0.636 Loaded shared library C:\Users\muhammad hanif\ProgramEnv\jdk-21_windows-x64_bin\jdk-21.0.6\bin\management.dll
Event: 0.654 Loaded shared library C:\Users\muhammad hanif\ProgramEnv\jdk-21_windows-x64_bin\jdk-21.0.6\bin\management_ext.dll
Event: 3.331 Loaded shared library C:\Users\muhammad hanif\ProgramEnv\jdk-21_windows-x64_bin\jdk-21.0.6\bin\sunmscapi.dll

Deoptimization events (0 events):
No events

Classes loaded (20 events):
Event: 9.012 Loading class java/nio/channels/CompletionHandler
Event: 9.012 Loading class java/nio/channels/CompletionHandler done
Event: 9.038 Loading class java/util/concurrent/ScheduledThreadPoolExecutor$ScheduledFutureTask
Event: 9.038 Loading class java/util/concurrent/ScheduledThreadPoolExecutor$ScheduledFutureTask done
Event: 9.038 Loading class java/util/concurrent/Executors$RunnableAdapter
Event: 9.038 Loading class java/util/concurrent/Executors$RunnableAdapter done
Event: 9.047 Loading class jdk/internal/event/ThreadSleepEvent
Event: 9.047 Loading class jdk/internal/event/ThreadSleepEvent done
Event: 9.126 Loading class java/lang/Character$UnicodeBlock
Event: 9.127 Loading class java/lang/Character$Subset
Event: 9.127 Loading class java/lang/Character$Subset done
Event: 9.128 Loading class java/lang/Character$UnicodeBlock done
Event: 9.162 Loading class java/util/Collections$SynchronizedRandomAccessList
Event: 9.163 Loading class java/util/Collections$SynchronizedList
Event: 9.163 Loading class java/util/Collections$SynchronizedList done
Event: 9.163 Loading class java/util/Collections$SynchronizedRandomAccessList done
Event: 9.200 Loading class java/util/concurrent/CompletionStage
Event: 9.200 Loading class java/util/concurrent/CompletionStage done
Event: 9.251 Loading class java/util/ArrayList$ListItr
Event: 9.251 Loading class java/util/ArrayList$ListItr done

Classes unloaded (0 events):
No events

Classes redefined (0 events):
No events

Internal exceptions (20 events):
Event: 8.205 Thread 0x0000023519d9bfb0 Exception <a 'java/lang/NoSuchMethodError'{0x00000000a64ce718}: 'java.lang.Object java.lang.invoke.DirectMethodHandle$Holder.invokeVirtual(java.lang.Object, java.lang.Object, java.lang.Object, java.lang.Object, java.lang.Object, java.lang.Object)'> (0x00000000a64ce718) 
thrown [s\open\src\hotspot\share\interpreter\linkResolver.cpp, line 773]
Event: 8.265 Thread 0x0000023519d9bfb0 Exception <a 'java/lang/NoSuchMethodError'{0x00000000a620a450}: 'void java.lang.invoke.DirectMethodHandle$Holder.invokeInterface(java.lang.Object, java.lang.Object, int)'> (0x00000000a620a450) 
thrown [s\open\src\hotspot\share\interpreter\linkResolver.cpp, line 773]
Event: 8.277 Thread 0x0000023519d9bfb0 Exception <a 'java/lang/IncompatibleClassChangeError'{0x00000000a624c638}: Found class java.lang.Object, but interface was expected> (0x00000000a624c638) 
thrown [s\open\src\hotspot\share\interpreter\linkResolver.cpp, line 840]
Event: 8.284 Thread 0x0000023519d9bfb0 Exception <a 'java/lang/NoSuchMethodError'{0x00000000a6269f20}: 'void java.lang.invoke.DirectMethodHandle$Holder.invokeStatic(java.lang.Object, int, java.lang.Object)'> (0x00000000a6269f20) 
thrown [s\open\src\hotspot\share\interpreter\linkResolver.cpp, line 773]
Event: 8.292 Thread 0x0000023519d9bfb0 Exception <a 'java/lang/NoSuchMethodError'{0x00000000a62a1098}: 'void java.lang.invoke.DirectMethodHandle$Holder.invokeStatic(java.lang.Object, java.lang.Object, java.lang.Object, int, java.lang.Object)'> (0x00000000a62a1098) 
thrown [s\open\src\hotspot\share\interpreter\linkResolver.cpp, line 773]
Event: 8.293 Thread 0x0000023519d9bfb0 Exception <a 'java/lang/NoSuchMethodError'{0x00000000a62a78f8}: 'java.lang.Object java.lang.invoke.DirectMethodHandle$Holder.newInvokeSpecial(java.lang.Object, java.lang.Object, java.lang.Object, int)'> (0x00000000a62a78f8) 
thrown [s\open\src\hotspot\share\interpreter\linkResolver.cpp, line 773]
Event: 8.293 Thread 0x0000023519d9bfb0 Exception <a 'java/lang/NoSuchMethodError'{0x00000000a62ab6f8}: 'java.lang.Object java.lang.invoke.DirectMethodHandle$Holder.invokeSpecial(java.lang.Object, java.lang.Object, java.lang.Object, java.lang.Object, int)'> (0x00000000a62ab6f8) 
thrown [s\open\src\hotspot\share\interpreter\linkResolver.cpp, line 773]
Event: 8.294 Thread 0x0000023519d9bfb0 Exception <a 'java/lang/NoSuchMethodError'{0x00000000a62aeb90}: 'java.lang.Object java.lang.invoke.Invokers$Holder.linkToTargetMethod(java.lang.Object, java.lang.Object, int, java.lang.Object)'> (0x00000000a62aeb90) 
thrown [s\open\src\hotspot\share\interpreter\linkResolver.cpp, line 773]
Event: 8.561 Thread 0x0000023519d9bfb0 Exception <a 'java/lang/NoSuchMethodError'{0x00000000a5bf1aa8}: 'int java.lang.invoke.DirectMethodHandle$Holder.invokeVirtual(java.lang.Object, java.lang.Object, java.lang.Object, java.lang.Object)'> (0x00000000a5bf1aa8) 
thrown [s\open\src\hotspot\share\interpreter\linkResolver.cpp, line 773]
Event: 8.561 Thread 0x0000023519d9bfb0 Exception <a 'java/lang/NoSuchMethodError'{0x00000000a5bf5338}: 'int java.lang.invoke.DelegatingMethodHandle$Holder.reinvoke_L(java.lang.Object, java.lang.Object, java.lang.Object, java.lang.Object)'> (0x00000000a5bf5338) 
thrown [s\open\src\hotspot\share\interpreter\linkResolver.cpp, line 773]
Event: 8.641 Thread 0x0000023519d9bfb0 Exception <a 'java/io/FileNotFoundException'{0x00000000a580fa78}> (0x00000000a580fa78) 
thrown [s\open\src\hotspot\share\prims\jni.cpp, line 520]
Event: 8.713 Thread 0x0000023519d9bfb0 Exception <a 'java/lang/NoSuchMethodError'{0x00000000a569c110}: 'int java.lang.invoke.DirectMethodHandle$Holder.invokeInterface(java.lang.Object, java.lang.Object, java.lang.Object, java.lang.Object)'> (0x00000000a569c110) 
thrown [s\open\src\hotspot\share\interpreter\linkResolver.cpp, line 773]
Event: 8.782 Thread 0x0000023519d9bfb0 Exception <a 'java/lang/NoSuchMethodError'{0x00000000a54ea248}: 'java.lang.Object java.lang.invoke.DirectMethodHandle$Holder.invokeStaticInit(java.lang.Object, java.lang.Object, java.lang.Object, java.lang.Object)'> (0x00000000a54ea248) 
thrown [s\open\src\hotspot\share\interpreter\linkResolver.cpp, line 773]
Event: 8.785 Thread 0x0000023519d9bfb0 Exception <a 'java/lang/IncompatibleClassChangeError'{0x00000000a5300280}: Found class java.lang.Object, but interface was expected> (0x00000000a5300280) 
thrown [s\open\src\hotspot\share\interpreter\linkResolver.cpp, line 840]
Event: 8.786 Thread 0x0000023519d9bfb0 Exception <a 'java/lang/IncompatibleClassChangeError'{0x00000000a530da58}: Found class java.lang.Object, but interface was expected> (0x00000000a530da58) 
thrown [s\open\src\hotspot\share\interpreter\linkResolver.cpp, line 840]
Event: 8.793 Thread 0x0000023519d9bfb0 Exception <a 'java/lang/IncompatibleClassChangeError'{0x00000000a533a8e8}: Found class java.lang.Object, but interface was expected> (0x00000000a533a8e8) 
thrown [s\open\src\hotspot\share\interpreter\linkResolver.cpp, line 840]
Event: 8.937 Thread 0x0000023519d9bfb0 Exception <a 'java/lang/NoSuchMethodError'{0x00000000a4c50f50}: 'int java.lang.invoke.DirectMethodHandle$Holder.invokeStaticInit(java.lang.Object, int, java.lang.Object, java.lang.Object, java.lang.Object, java.lang.Object)'> (0x00000000a4c50f50) 
thrown [s\open\src\hotspot\share\interpreter\linkResolver.cpp, line 773]
Event: 9.012 Thread 0x0000023519d9bfb0 Exception <a 'java/lang/NoSuchMethodError'{0x00000000a499a5f0}: 'long java.lang.invoke.DirectMethodHandle$Holder.invokeVirtual(java.lang.Object, java.lang.Object)'> (0x00000000a499a5f0) 
thrown [s\open\src\hotspot\share\interpreter\linkResolver.cpp, line 773]
Event: 9.051 Thread 0x0000023519d9bfb0 Exception <a 'java/lang/NoSuchMethodError'{0x00000000a8372530}: 'void java.lang.invoke.Invokers$Holder.invokeExact_MT(java.lang.Object, java.lang.Object, java.lang.Object, java.lang.Object)'> (0x00000000a8372530) 
thrown [s\open\src\hotspot\share\interpreter\linkResolver.cpp, line 773]
Event: 9.091 Thread 0x0000023519d9bfb0 Exception <a 'java/lang/NoSuchMethodError'{0x00000000a7587060}: 'java.lang.Object java.lang.invoke.DirectMethodHandle$Holder.newInvokeSpecial(java.lang.Object, java.lang.Object, java.lang.Object, java.lang.Object, java.lang.Object, java.lang.Object, java.lang.Object, java.lang.Object)'> (0x00000000a7587060) 
thrown [s\open\src\hotspot\share\interpreter\linkResolver.cpp, line 773]

ZGC Phase Switch (0 events):
No events

VM Operations (20 events):
Event: 8.944 Executing VM operation: Cleanup
Event: 8.944 Executing VM operation: Cleanup done
Event: 8.947 Executing VM operation: HandshakeAllThreads (Deoptimize)
Event: 8.947 Executing VM operation: HandshakeAllThreads (Deoptimize) done
Event: 8.985 Executing VM operation: HandshakeAllThreads (Deoptimize)
Event: 8.985 Executing VM operation: HandshakeAllThreads (Deoptimize) done
Event: 8.986 Executing VM operation: HandshakeAllThreads (Deoptimize)
Event: 8.986 Executing VM operation: HandshakeAllThreads (Deoptimize) done
Event: 9.020 Executing VM operation: HandshakeAllThreads (Deoptimize)
Event: 9.020 Executing VM operation: HandshakeAllThreads (Deoptimize) done
Event: 9.022 Executing VM operation: G1CollectForAllocation (G1 Evacuation Pause)
Event: 9.033 Executing VM operation: G1CollectForAllocation (G1 Evacuation Pause) done
Event: 9.121 Executing VM operation: CollectForMetadataAllocation (Metadata GC Threshold)
Event: 9.125 Executing VM operation: CollectForMetadataAllocation (Metadata GC Threshold) done
Event: 9.139 Executing VM operation: G1PauseRemark
Event: 9.142 Executing VM operation: G1PauseRemark done
Event: 9.148 Executing VM operation: G1PauseCleanup
Event: 9.149 Executing VM operation: G1PauseCleanup done
Event: 9.252 Executing VM operation: HandshakeAllThreads (Deoptimize)
Event: 9.252 Executing VM operation: HandshakeAllThreads (Deoptimize) done

Events (20 events):
Event: 9.141 Thread 0x0000023529770210 flushing nmethod 0x0000023522602110
Event: 9.141 Thread 0x0000023529770210 flushing nmethod 0x0000023522604010
Event: 9.141 Thread 0x0000023529770210 flushing nmethod 0x0000023522616210
Event: 9.141 Thread 0x0000023529770210 flushing nmethod 0x0000023522762910
Event: 9.141 Thread 0x0000023529770210 flushing nmethod 0x0000023522823610
Event: 9.141 Thread 0x0000023529770210 flushing nmethod 0x000002352234fa90
Event: 9.141 Thread 0x0000023529770210 flushing nmethod 0x00000235223e1690
Event: 9.141 Thread 0x0000023529770210 flushing nmethod 0x00000235224d1490
Event: 9.141 Thread 0x0000023529770210 flushing nmethod 0x0000023522481c10
Event: 9.141 Thread 0x0000023529770210 flushing nmethod 0x0000023522689d10
Event: 9.141 Thread 0x0000023529770210 flushing nmethod 0x000002352268a310
Event: 9.141 Thread 0x0000023529770210 flushing nmethod 0x0000023522421a90
Event: 9.141 Thread 0x0000023529770210 flushing nmethod 0x00000235224bb110
Event: 9.141 Thread 0x0000023529770210 flushing nmethod 0x0000023522682f90
Event: 9.141 Thread 0x0000023529770210 flushing nmethod 0x00000235226ef490
Event: 9.141 Thread 0x0000023529770210 flushing nmethod 0x00000235226efb10
Event: 9.141 Thread 0x0000023529770210 flushing nmethod 0x00000235226f0290
Event: 9.141 Thread 0x0000023529770210 flushing nmethod 0x0000023522805590
Event: 9.141 Thread 0x0000023529770210 flushing nmethod 0x0000023522607090
Event: 9.141 Thread 0x0000023529770210 flushing nmethod 0x0000023522634c10


Dynamic libraries:
0x00007ff7c25d0000 - 0x00007ff7c25e0000 	C:\Users\muhammad hanif\ProgramEnv\jdk-21_windows-x64_bin\jdk-21.0.6\bin\java.exe
0x00007ffc9ecf0000 - 0x00007ffc9ef07000 	C:\WINDOWS\SYSTEM32\ntdll.dll
0x00007ffc9e9d0000 - 0x00007ffc9ea94000 	C:\WINDOWS\System32\KERNEL32.DLL
0x00007ffc9c220000 - 0x00007ffc9c5f0000 	C:\WINDOWS\System32\KERNELBASE.dll
0x00007ffc9c100000 - 0x00007ffc9c211000 	C:\WINDOWS\System32\ucrtbase.dll
0x00007ffc911c0000 - 0x00007ffc911db000 	C:\Users\muhammad hanif\ProgramEnv\jdk-21_windows-x64_bin\jdk-21.0.6\bin\VCRUNTIME140.dll
0x00007ffc950b0000 - 0x00007ffc950c9000 	C:\Users\muhammad hanif\ProgramEnv\jdk-21_windows-x64_bin\jdk-21.0.6\bin\jli.dll
0x00007ffc9e020000 - 0x00007ffc9e0d1000 	C:\WINDOWS\System32\ADVAPI32.dll
0x00007ffc9eb10000 - 0x00007ffc9ebb7000 	C:\WINDOWS\System32\msvcrt.dll
0x00007ffc9e3a0000 - 0x00007ffc9e447000 	C:\WINDOWS\System32\sechost.dll
0x00007ffc9c670000 - 0x00007ffc9c698000 	C:\WINDOWS\System32\bcrypt.dll
0x00007ffc9cbc0000 - 0x00007ffc9ccd4000 	C:\WINDOWS\System32\RPCRT4.dll
0x00007ffc9d780000 - 0x00007ffc9d92e000 	C:\WINDOWS\System32\USER32.dll
0x00007ffc9c6a0000 - 0x00007ffc9c6c6000 	C:\WINDOWS\System32\win32u.dll
0x00007ffc75330000 - 0x00007ffc755c2000 	C:\WINDOWS\WinSxS\amd64_microsoft.windows.common-controls_6595b64144ccf1df_6.0.22621.4830_none_270fe7d773858e80\COMCTL32.dll
0x00007ffc9e7e0000 - 0x00007ffc9e809000 	C:\WINDOWS\System32\GDI32.dll
0x00007ffc9c6d0000 - 0x00007ffc9c7eb000 	C:\WINDOWS\System32\gdi32full.dll
0x00007ffc9c060000 - 0x00007ffc9c0fa000 	C:\WINDOWS\System32\msvcp_win.dll
0x00007ffc97370000 - 0x00007ffc9737a000 	C:\WINDOWS\SYSTEM32\VERSION.dll
0x00007ffc9dfe0000 - 0x00007ffc9e011000 	C:\WINDOWS\System32\IMM32.DLL
0x00007ffc91100000 - 0x00007ffc9110c000 	C:\Users\muhammad hanif\ProgramEnv\jdk-21_windows-x64_bin\jdk-21.0.6\bin\vcruntime140_1.dll
0x00007ffc6c150000 - 0x00007ffc6c1de000 	C:\Users\muhammad hanif\ProgramEnv\jdk-21_windows-x64_bin\jdk-21.0.6\bin\msvcp140.dll
0x00007ffc1bc60000 - 0x00007ffc1c97a000 	C:\Users\muhammad hanif\ProgramEnv\jdk-21_windows-x64_bin\jdk-21.0.6\bin\server\jvm.dll
0x00007ffc9ebe0000 - 0x00007ffc9ec51000 	C:\WINDOWS\System32\WS2_32.dll
0x00007ffc9be70000 - 0x00007ffc9bebd000 	C:\WINDOWS\SYSTEM32\POWRPROF.dll
0x00007ffc94d60000 - 0x00007ffc94d94000 	C:\WINDOWS\SYSTEM32\WINMM.dll
0x00007ffc9be50000 - 0x00007ffc9be63000 	C:\WINDOWS\SYSTEM32\UMPDC.dll
0x00007ffc9afc0000 - 0x00007ffc9afd8000 	C:\WINDOWS\SYSTEM32\kernel.appcore.dll
0x00007ffc91020000 - 0x00007ffc9102a000 	C:\Users\muhammad hanif\ProgramEnv\jdk-21_windows-x64_bin\jdk-21.0.6\bin\jimage.dll
0x00007ffc99b00000 - 0x00007ffc99d32000 	C:\WINDOWS\SYSTEM32\DBGHELP.DLL
0x00007ffc9e450000 - 0x00007ffc9e7e0000 	C:\WINDOWS\System32\combase.dll
0x00007ffc9d6a0000 - 0x00007ffc9d777000 	C:\WINDOWS\System32\OLEAUT32.dll
0x00007ffc91400000 - 0x00007ffc91432000 	C:\WINDOWS\SYSTEM32\dbgcore.DLL
0x00007ffc9c960000 - 0x00007ffc9c9db000 	C:\WINDOWS\System32\bcryptPrimitives.dll
0x00007ffc934a0000 - 0x00007ffc934af000 	C:\Users\muhammad hanif\ProgramEnv\jdk-21_windows-x64_bin\jdk-21.0.6\bin\instrument.dll
0x00007ffc773e0000 - 0x00007ffc773ff000 	C:\Users\muhammad hanif\ProgramEnv\jdk-21_windows-x64_bin\jdk-21.0.6\bin\java.dll
0x00007ffc9ce20000 - 0x00007ffc9d698000 	C:\WINDOWS\System32\SHELL32.dll
0x00007ffc99ea0000 - 0x00007ffc9a7b0000 	C:\WINDOWS\SYSTEM32\windows.storage.dll
0x00007ffc99d60000 - 0x00007ffc99e9f000 	C:\WINDOWS\SYSTEM32\wintypes.dll
0x00007ffc9e8c0000 - 0x00007ffc9e9ca000 	C:\WINDOWS\System32\SHCORE.dll
0x00007ffc9e180000 - 0x00007ffc9e1de000 	C:\WINDOWS\System32\shlwapi.dll
0x00007ffc9bed0000 - 0x00007ffc9befb000 	C:\WINDOWS\SYSTEM32\profapi.dll
0x00007ffc6f510000 - 0x00007ffc6f528000 	C:\Users\muhammad hanif\ProgramEnv\jdk-21_windows-x64_bin\jdk-21.0.6\bin\zip.dll
0x00007ffc91010000 - 0x00007ffc91020000 	C:\Users\muhammad hanif\ProgramEnv\jdk-21_windows-x64_bin\jdk-21.0.6\bin\net.dll
0x00007ffc95d70000 - 0x00007ffc95e9c000 	C:\WINDOWS\SYSTEM32\WINHTTP.dll
0x00007ffc9b460000 - 0x00007ffc9b4ca000 	C:\WINDOWS\system32\mswsock.dll
0x00007ffc6f530000 - 0x00007ffc6f546000 	C:\Users\muhammad hanif\ProgramEnv\jdk-21_windows-x64_bin\jdk-21.0.6\bin\nio.dll
0x00007ffc85430000 - 0x00007ffc8544a000 	C:\Program Files\JetBrains\IntelliJ IDEA 2024.3.2.2\bin\breakgen64.dll
0x00007ffc90a90000 - 0x00007ffc90a99000 	C:\Users\muhammad hanif\ProgramEnv\jdk-21_windows-x64_bin\jdk-21.0.6\bin\extnet.dll
0x00007ffc9aa80000 - 0x00007ffc9ab82000 	C:\WINDOWS\SYSTEM32\DNSAPI.dll
0x00007ffc9aa10000 - 0x00007ffc9aa3d000 	C:\WINDOWS\SYSTEM32\IPHLPAPI.DLL
0x00007ffc9e170000 - 0x00007ffc9e179000 	C:\WINDOWS\System32\NSI.dll
0x000000006b560000 - 0x000000006b586000 	C:\Program Files\Bonjour\mdnsNSP.dll
0x00007ffc935e0000 - 0x00007ffc935ea000 	C:\Windows\System32\rasadhlp.dll
0x00007ffc94330000 - 0x00007ffc943b3000 	C:\WINDOWS\System32\fwpuclnt.dll
0x00007ffc97320000 - 0x00007ffc9732a000 	C:\Users\muhammad hanif\ProgramEnv\jdk-21_windows-x64_bin\jdk-21.0.6\bin\management.dll
0x00007ffc934b0000 - 0x00007ffc934bb000 	C:\Users\muhammad hanif\ProgramEnv\jdk-21_windows-x64_bin\jdk-21.0.6\bin\management_ext.dll
0x00007ffc9d930000 - 0x00007ffc9d938000 	C:\WINDOWS\System32\PSAPI.DLL
0x00007ffc9b6b0000 - 0x00007ffc9b6cb000 	C:\WINDOWS\SYSTEM32\CRYPTSP.dll
0x00007ffc9af10000 - 0x00007ffc9af45000 	C:\WINDOWS\system32\rsaenh.dll
0x00007ffc9b550000 - 0x00007ffc9b578000 	C:\WINDOWS\SYSTEM32\USERENV.dll
0x00007ffc9b6d0000 - 0x00007ffc9b6dc000 	C:\WINDOWS\SYSTEM32\CRYPTBASE.dll
0x00007ffc78b60000 - 0x00007ffc78b77000 	C:\WINDOWS\system32\napinsp.dll
0x00007ffc78990000 - 0x00007ffc789ab000 	C:\WINDOWS\system32\pnrpnsp.dll
0x00007ffc78970000 - 0x00007ffc78981000 	C:\WINDOWS\System32\winrnr.dll
0x00007ffc951a0000 - 0x00007ffc951b5000 	C:\WINDOWS\system32\wshbth.dll
0x00007ffc78930000 - 0x00007ffc78957000 	C:\WINDOWS\system32\nlansp_c.dll
0x00007ffc702f0000 - 0x00007ffc702fe000 	C:\Users\muhammad hanif\ProgramEnv\jdk-21_windows-x64_bin\jdk-21.0.6\bin\sunmscapi.dll
0x00007ffc9c7f0000 - 0x00007ffc9c956000 	C:\WINDOWS\System32\CRYPT32.dll
0x00007ffc9b870000 - 0x00007ffc9b89d000 	C:\WINDOWS\SYSTEM32\ncrypt.dll
0x00007ffc9b830000 - 0x00007ffc9b867000 	C:\WINDOWS\SYSTEM32\NTASN1.dll

dbghelp: loaded successfully - version: 4.0.5 - missing functions: none
symbol engine: initialized successfully - sym options: 0x614 - pdb path: .;C:\Users\muhammad hanif\ProgramEnv\jdk-21_windows-x64_bin\jdk-21.0.6\bin;C:\WINDOWS\SYSTEM32;C:\WINDOWS\WinSxS\amd64_microsoft.windows.common-controls_6595b64144ccf1df_6.0.22621.4830_none_270fe7d773858e80;C:\Users\muhammad hanif\ProgramEnv\jdk-21_windows-x64_bin\jdk-21.0.6\bin\server;C:\Program Files\JetBrains\IntelliJ IDEA 2024.3.2.2\bin;C:\Program Files\Bonjour

VM Arguments:
jvm_args: -XX:TieredStopAtLevel=1 -Dspring.output.ansi.enabled=always -Dcom.sun.management.jmxremote -Dspring.jmx.enabled=true -Dspring.liveBeansView.mbeanDomain -Dspring.application.admin.enabled=true -Dmanagement.endpoints.jmx.exposure.include=* -javaagent:C:\Program Files\JetBrains\IntelliJ IDEA 2024.3.2.2\lib\idea_rt.jar=56914:C:\Program Files\JetBrains\IntelliJ IDEA 2024.3.2.2\bin -Dfile.encoding=UTF-8 -Dsun.stdout.encoding=UTF-8 -Dsun.stderr.encoding=UTF-8 
java_command: com.programming.techie.gateway.ApiGatewayApplication
java_class_path (initial): C:\Users\muhammad hanif\OneDrive\Documents\SEMESTER6\PPBLO-P\PPLBO\api-gateway\target\classes;C:\Users\muhammad hanif\.m2\repository\org\springframework\cloud\spring-cloud-starter-gateway-mvc\4.2.0\spring-cloud-starter-gateway-mvc-4.2.0.jar;C:\Users\muhammad hanif\.m2\repository\org\springframework\cloud\spring-cloud-starter\4.2.0\spring-cloud-starter-4.2.0.jar;C:\Users\muhammad hanif\.m2\repository\org\springframework\cloud\spring-cloud-context\4.2.0\spring-cloud-context-4.2.0.jar;C:\Users\muhammad hanif\.m2\repository\org\springframework\cloud\spring-cloud-commons\4.2.0\spring-cloud-commons-4.2.0.jar;C:\Users\muhammad hanif\.m2\repository\org\bouncycastle\bcprov-jdk18on\1.78.1\bcprov-jdk18on-1.78.1.jar;C:\Users\muhammad hanif\.m2\repository\org\springframework\cloud\spring-cloud-gateway-server-mvc\4.2.0\spring-cloud-gateway-server-mvc-4.2.0.jar;C:\Users\muhammad hanif\.m2\repository\org\springframework\boot\spring-boot-starter-validation\3.4.2\spring-boot-starter-validation-3.4.2.jar;C:\Users\muhammad hanif\.m2\repository\org\apache\tomcat\embed\tomcat-embed-el\10.1.34\tomcat-embed-el-10.1.34.jar;C:\Users\muhammad hanif\.m2\repository\org\hibernate\validator\hibernate-validator\8.0.2.Final\hibernate-validator-8.0.2.Final.jar;C:\Users\muhammad hanif\.m2\repository\org\jboss\logging\jboss-logging\3.6.1.Final\jboss-logging-3.6.1.Final.jar;C:\Users\muhammad hanif\.m2\repository\com\fasterxml\classmate\1.7.0\classmate-1.7.0.jar;C:\Users\muhammad hanif\.m2\repository\org\springframework\boot\spring-boot-starter-web\3.4.2\spring-boot-starter-web-3.4.2.jar;C:\Users\muhammad hanif\.m2\repository\org\springframework\boot\spring-boot-starter-json\3.4.2\spring-boot-starter-json-3.4.2.jar;C:\Users\muhammad hanif\.m2\repository\com\fasterxml\jackson\datatype\jackson-datatype-jdk8\2.18.2\jackson-datatype-jdk8-2.18.2.jar;C:\Users\muhammad hanif\.m2\repository\com\fasterxml\jackson\module\jackson-module-parameter-names\2.18.2\jackson-module-parameter-names-2.18.2.jar;C:\Users\muhammad hanif\.m2\repository\org\springframework\boot\spring-boot-starter-tomcat\3.4.2\spring-boot-starter-tomcat-3.4.2.jar;C:\Users\muhammad hanif\.m2\repository\org\apache\tomcat\embed\tomcat-embed-core\10.1.34\tomcat-embed-core-10.1.34.jar;C:\Users\muhammad hanif\.m2\repository\org\apache\tomcat\embed\tomcat-embed-websocket\10.1.34\tomcat-embed-websocket-10.1.34.jar;C:\Users\muhammad hanif\.m2\repository\org\springframework\spring-web\6.2.2\spring-web-6.2.2.jar;C:\Users\muhammad hanif\.m2\repository\org\springframework\boot\spring-boot-starter-oauth2-resource-server\3.4.2\spring-boot-starter-oauth2-resource-server-3.4.2.jar;C:\Users\muhammad hanif\.m2\repository\org\springframework\boot\spring-boot-starter\3.4.2\spring-boot-starter-3.4.2.jar;C:\Users\muhammad hanif\.m2\repository\org\springframework\boot\spring-boot\3.4.2\spring-boot-3.4.2.jar;C:\Users\muhammad hanif\.m2\repository\org\springframework\boot\spring-boot-autoconfigure\3.4.2\spring-boot-autoconfigure-3.4.2.jar;C:\Users\muhammad hanif\.m2\repository\org\springframework\boot\spring-boot-starter-logging\3.4.2\spring-boot-starter-logging-3.4.2.jar;C:\Users\muhammad hanif\.m2\repository\ch\qos\logback\logback-classic\1.5.16\logback-classic-1.5.16.jar;C:\Users\muhammad hanif\.m2\repository\ch\qos\logback\logback-core\1.5.16\logback-core-1.5.16.jar;C:\Users\muhammad hanif\.m2\repository\org\apache\logging\log4j\log4j-to-slf4j\2.24.3\log4j-to-slf4j-2.24.3.jar;C:\Users\muhammad hanif\.m2\repository\org\apache\logging\log4j\log4j-api\2.24.3\log4j-api-2.24.3.jar;C:\Users\muhammad hanif\.m2\repository\org\slf4j\jul-to-slf4j\2.0.16\jul-to-slf4j-2.0.16.jar;C:\Users\muhammad hanif\.m2\repository\jakarta\annotation\jakarta.annotation-api\2.1.1\jakarta.annotation-api-2.1.1.jar;C:\Users\muhammad hanif\.m2\repository\org\yaml\snakeyaml\2.3\snakeyaml-2.3.jar;C:\Users\muhammad hanif\.m2\repository\org\springframework\security\spring-security-config\6.4.2\spring-security-config-6.4.2.jar;C:\Users\muhammad hanif\.m2\repository\org\springframework\spring-aop\6.2.2\spring-aop-6.2.2.jar;C:\Users\muhammad hanif\.m2\repository\org\springframework\spring-beans\6.2.2\spring-beans-6.2.2.jar;C:\Users\muhammad hanif\.m2\repository\org\springframework\spring-context\6.2.2\spring-context-6.2.2.jar;C:\Users\muhammad hanif\.m2\repository\org\springframework\security\spring-security-core\6.4.2\spring-security-core-6.4.2.jar;C:\Users\muhammad hanif\.m2\repository\org\springframework\security\spring-security-crypto\6.4.2\spring-security-crypto-6.4.2.jar;C:\Users\muhammad hanif\.m2\repository\org\springframework\spring-expression\6.2.2\spring-expression-6.2.2.jar;C:\Users\muhammad hanif\.m2\repository\org\springframework\security\spring-security-oauth2-resource-server\6.4.2\spring-security-oauth2-resource-server-6.4.2.jar;C:\Users\muhammad hanif\.m2\repository\org\springframework\security\spring-security-oauth2-core\6.4.2\spring-security-oauth2-core-6.4.2.jar;C:\Users\muhammad hanif\.m2\repository\org\springframework\security\spring-security-web\6.4.2\spring-security-web-6.4.2.jar;C:\Users\muhammad hanif\.m2\repository\org\springframework\security\spring-security-oauth2-jose\6.4.2\spring-security-oauth2-jose-6.4.2.jar;C:\Users\muhammad hanif\.m2\repository\com\nimbusds\nimbus-jose-jwt\9.37.3\nimbus-jose-jwt-9.37.3.jar;C:\Users\muhammad hanif\.m2\repository\com\github\stephenc\jcip\jcip-annotations\1.0-1\jcip-annotations-1.0-1.jar;C:\Users\muhammad hanif\.m2\repository\org\springdoc\springdoc-openapi-starter-webmvc-ui\2.8.5\springdoc-openapi-starter-webmvc-ui-2.8.5.jar;C:\Users\muhammad hanif\.m2\repository\org\webjars\swagger-ui\5.18.3\swagger-ui-5.18.3.jar;C:\Users\muhammad hanif\.m2\repository\org\webjars\webjars-locator-lite\1.0.1\webjars-locator-lite-1.0.1.jar;C:\Users\muhammad hanif\.m2\repository\org\jspecify\jspecify\1.0.0\jspecify-1.0.0.jar;C:\Users\muhammad hanif\.m2\repository\org\springdoc\springdoc-openapi-starter-webmvc-api\2.8.5\springdoc-openapi-starter-webmvc-api-2.8.5.jar;C:\Users\muhammad hanif\.m2\repository\org\springdoc\springdoc-openapi-starter-common\2.8.5\springdoc-openapi-starter-common-2.8.5.jar;C:\Users\muhammad hanif\.m2\repository\io\swagger\core\v3\swagger-core-jakarta\2.2.28\swagger-core-jakarta-2.2.28.jar;C:\Users\muhammad hanif\.m2\repository\org\apache\commons\commons-lang3\3.17.0\commons-lang3-3.17.0.jar;C:\Users\muhammad hanif\.m2\repository\io\swagger\core\v3\swagger-annotations-jakarta\2.2.28\swagger-annotations-jakarta-2.2.28.jar;C:\Users\muhammad hanif\.m2\repository\io\swagger\core\v3\swagger-models-jakarta\2.2.28\swagger-models-jakarta-2.2.28.jar;C:\Users\muhammad hanif\.m2\repository\jakarta\validation\jakarta.validation-api\3.0.2\jakarta.validation-api-3.0.2.jar;C:\Users\muhammad hanif\.m2\repository\com\fasterxml\jackson\core\jackson-annotations\2.18.2\jackson-annotations-2.18.2.jar;C:\Users\muhammad hanif\.m2\repository\com\fasterxml\jackson\dataformat\jackson-dataformat-yaml\2.18.2\jackson-dataformat-yaml-2.18.2.jar;C:\Users\muhammad hanif\.m2\repository\org\springframework\spring-webmvc\6.2.2\spring-webmvc-6.2.2.jar;C:\Users\muhammad hanif\.m2\repository\org\springframework\cloud\spring-cloud-starter-circuitbreaker-resilience4j\3.2.0\spring-cloud-starter-circuitbreaker-resilience4j-3.2.0.jar;C:\Users\muhammad hanif\.m2\repository\org\springframework\cloud\spring-cloud-circuitbreaker-resilience4j\3.2.0\spring-cloud-circuitbreaker-resilience4j-3.2.0.jar;C:\Users\muhammad hanif\.m2\repository\io\github\resilience4j\resilience4j-spring-boot3\2.2.0\resilience4j-spring-boot3-2.2.0.jar;C:\Users\muhammad hanif\.m2\repository\io\github\resilience4j\resilience4j-spring6\2.2.0\resilience4j-spring6-2.2.0.jar;C:\Users\muhammad hanif\.m2\repository\io\github\resilience4j\resilience4j-annotations\2.2.0\resilience4j-annotations-2.2.0.jar;C:\Users\muhammad hanif\.m2\repository\io\github\resilience4j\resilience4j-consumer\2.2.0\resilience4j-consumer-2.2.0.jar;C:\Users\muhammad hanif\.m2\repository\io\github\resilience4j\resilience4j-circularbuffer\2.2.0\resilience4j-circularbuffer-2.2.0.jar;C:\Users\muhammad hanif\.m2\repository\io\github\resilience4j\resilience4j-framework-common\2.2.0\resilience4j-framework-common-2.2.0.jar;C:\Users\muhammad hanif\.m2\repository\io\github\resilience4j\resilience4j-micrometer\2.2.0\resilience4j-micrometer-2.2.0.jar;C:\Users\muhammad hanif\.m2\repository\io\github\resilience4j\resilience4j-retry\2.2.0\resilience4j-retry-2.2.0.jar;C:\Users\muhammad hanif\.m2\repository\io\github\resilience4j\resilience4j-ratelimiter\2.2.0\resilience4j-ratelimiter-2.2.0.jar;C:\Users\muhammad hanif\.m2\repository\org\springframework\boot\spring-boot-configuration-processor\3.4.2\spring-boot-configuration-processor-3.4.2.jar;C:\Users\muhammad hanif\.m2\repository\io\github\resilience4j\resilience4j-circuitbreaker\2.2.0\resilience4j-circuitbreaker-2.2.0.jar;C:\Users\muhammad hanif\.m2\repository\io\github\resilience4j\resilience4j-core\2.2.0\resilience4j-core-2.2.0.jar;C:\Users\muhammad hanif\.m2\repository\org\slf4j\slf4j-api\2.0.16\slf4j-api-2.0.16.jar;C:\Users\muhammad hanif\.m2\repository\io\github\resilience4j\resilience4j-timelimiter\2.2.0\resilience4j-timelimiter-2.2.0.jar;C:\Users\muhammad hanif\.m2\repository\org\springframework\boot\spring-boot-starter-actuator\3.4.2\spring-boot-starter-actuator-3.4.2.jar;C:\Users\muhammad hanif\.m2\repository\org\springframework\boot\spring-boot-actuator-autoconfigure\3.4.2\spring-boot-actuator-autoconfigure-3.4.2.jar;C:\Users\muhammad hanif\.m2\repository\org\springframework\boot\spring-boot-actuator\3.4.2\spring-boot-actuator-3.4.2.jar;C:\Users\muhammad hanif\.m2\repository\com\fasterxml\jackson\core\jackson-databind\2.18.2\jackson-databind-2.18.2.jar;C:\Users\muhammad hanif\.m2\repository\com\fasterxml\jackson\core\jackson-core\2.18.2\jackson-core-2.18.2.jar;C:\Users\muhammad hanif\.m2\repository\com\fasterxml\jackson\datatype\jackson-datatype-jsr310\2.18.2\jackson-datatype-jsr310-2.18.2.jar;C:\Users\muhammad hanif\.m2\repository\io\micrometer\micrometer-observation\1.14.3\micrometer-observation-1.14.3.jar;C:\Users\muhammad hanif\.m2\repository\io\micrometer\micrometer-commons\1.14.3\micrometer-commons-1.14.3.jar;C:\Users\muhammad hanif\.m2\repository\io\micrometer\micrometer-jakarta9\1.14.3\micrometer-jakarta9-1.14.3.jar;C:\Users\muhammad hanif\.m2\repository\io\micrometer\micrometer-core\1.14.3\micrometer-core-1.14.3.jar;C:\Users\muhammad hanif\.m2\repository\org\hdrhistogram\HdrHistogram\2.2.2\HdrHistogram-2.2.2.jar;C:\Users\muhammad hanif\.m2\repository\org\latencyutils\LatencyUtils\2.0.3\LatencyUtils-2.0.3.jar;C:\Users\muhammad hanif\.m2\repository\jakarta\xml\bind\jakarta.xml.bind-api\4.0.2\jakarta.xml.bind-api-4.0.2.jar;C:\Users\muhammad hanif\.m2\repository\jakarta\activation\jakarta.activation-api\2.1.3\jakarta.activation-api-2.1.3.jar;C:\Users\muhammad hanif\.m2\repository\org\springframework\spring-core\6.2.2\spring-core-6.2.2.jar;C:\Users\muhammad hanif\.m2\repository\org\springframework\spring-jcl\6.2.2\spring-jcl-6.2.2.jar
Launcher Type: SUN_STANDARD

[Global flags]
     intx CICompilerCount                          = 4                                         {product} {ergonomic}
     uint ConcGCThreads                            = 2                                         {product} {ergonomic}
     uint G1ConcRefinementThreads                  = 8                                         {product} {ergonomic}
   size_t G1HeapRegionSize                         = 1048576                                   {product} {ergonomic}
    uintx GCDrainStackTargetSize                   = 64                                        {product} {ergonomic}
   size_t InitialHeapSize                          = 98566144                                  {product} {ergonomic}
     bool ManagementServer                         = true                                      {product} {command line}
   size_t MarkStackSize                            = 4194304                                   {product} {ergonomic}
   size_t MaxHeapSize                              = 1570766848                                {product} {ergonomic}
   size_t MaxNewSize                               = 941621248                                 {product} {ergonomic}
   size_t MinHeapDeltaBytes                        = 1048576                                   {product} {ergonomic}
   size_t MinHeapSize                              = 8388608                                   {product} {ergonomic}
    uintx NonNMethodCodeHeapSize                   = 4096                                   {pd product} {ergonomic}
    uintx NonProfiledCodeHeapSize                  = 0                                      {pd product} {ergonomic}
     bool ProfileInterpreter                       = false                                  {pd product} {command line}
    uintx ProfiledCodeHeapSize                     = 0                                      {pd product} {ergonomic}
   size_t SoftMaxHeapSize                          = 1570766848                             {manageable} {ergonomic}
     intx TieredStopAtLevel                        = 1                                         {product} {command line}
     bool UseCompressedOops                        = true                           {product lp64_product} {ergonomic}
     bool UseG1GC                                  = true                                      {product} {ergonomic}
     bool UseLargePagesIndividualAllocation        = false                                  {pd product} {ergonomic}

Logging:
Log output configuration:
 #0: stdout all=warning uptime,level,tags foldmultilines=false
 #1: stderr all=off uptime,level,tags foldmultilines=false

Environment Variables:
PATH=C:\Python312\Scripts\;C:\Python312\;C:\Program Files\Haskell\bin;C:\Program Files\Haskell Platform\7.10.2-a\lib\extralibs\bin;C:\Program Files\Haskell Platform\7.10.2-a\bin;C:\Program Files\Haskell Platform\8.6.5\lib\extralibs\bin;C:\Program Files\Haskell Platform\8.6.5\bin;C:\Oracle\dbhomeXE\bin;C:\Aplikasi\dbhomeXE\bin;C:\Program Files\Java\jdk-11\bin;C:\WINDOWS\system32;C:\WINDOWS;C:\WINDOWS\System32\Wbem;C:\WINDOWS\System32\WindowsPowerShell\v1.0\;C:\WINDOWS\System32\OpenSSH\;C:\Program Files\Git\cmd;C:\Program Files\PuTTY\;C:\Program Files\Haskell Platform\8.6.5\mingw\bin;C:\ProgramData\chocolatey\bin;C:\Program Files\Haskell Platform\7.10.2-a\mingw\bin;C:\Users\muhammad hanif\Downloads\mongosh-2.1.4-win32-x64\bin;C:\Program Files\nodejs\;C:\Users\muhammad hanif\OneDrive\Documents\SEMESTER5\WebDevT\security-headers-project;C:\Program Files\Docker\Docker\resources\bin;C:\Users\muhammad hanif\ProgramEnv\apache-maven-3.9.9;C:\Users\muhammad hanif\ProgramEnv\apache-maven-3.9.9bin;C:\Users\muhammad hanif\AppData\Roaming\cabal\bin;C:\Users\muhammad hanif\AppData\Roaming\local\bin;C:\Users\muhammad hanif\AppData\Local\Programs\Python\Python311\Scripts\;C:\Users\muhammad hanif\AppData\Local\Programs\Python\Python311\;C:\Users\muhammad hanif\AppData\Local\Microsoft\WindowsApps;C:\Users\muhammad hanif\AppData\Local\Programs\Microsoft VS Code\bin;C:\msys64\mingw64\bin;C:\Users\muhammad hanif\AppData\Local\GitHubDesktop\bin;C:\Strawberry\perl\bin;C:\tools\ghc-9.6.2\bin;C:\tools\msys64;C:\Program Files\swipl\bin;C:\Users\muhammad hanif\AppData\Roaming\npm;C:\xampp\php;C:\Users\muhammad hanif\AppData\Local\ComposerSetup\bin;C:\Users\muhammad hanif\AppData\Roaming\Composer\vendor\bin;C:\Program Files\JetBrains\IntelliJ IDEA 2024.3.2.2\bin;;C:\Users\muhammad hanif\ProgramEnv\apache-maven-3.9.9
USERNAME=muhammad hanif
OS=Windows_NT
PROCESSOR_IDENTIFIER=AMD64 Family 23 Model 104 Stepping 1, AuthenticAMD
TMP=C:\Users\MUHAMM~1\AppData\Local\Temp
TEMP=C:\Users\MUHAMM~1\AppData\Local\Temp




Periodic native trim disabled

---------------  S Y S T E M  ---------------

OS:
 Windows 11 , 64 bit Build 22621 (10.0.22621.4830)
OS uptime: 7 days 10:03 hours
Hyper-V role detected

CPU: total 8 (initial active 8) (8 cores per cpu, 2 threads per core) family 23 model 104 stepping 1 microcode 0x0, cx8, cmov, fxsr, ht, mmx, 3dnowpref, sse, sse2, sse3, ssse3, sse4a, sse4.1, sse4.2, popcnt, lzcnt, tsc, tscinvbit, avx, avx2, aes, clmul, bmi1, bmi2, adx, sha, fma, vzeroupper, clflush, clflushopt, hv, rdtscp, rdpid, f16c
Processor Information for processor 0
  Max Mhz: 2600, Current Mhz: 2600, Mhz Limit: 2600
Processor Information for processor 1
  Max Mhz: 2600, Current Mhz: 2600, Mhz Limit: 2600
Processor Information for processor 2
  Max Mhz: 2600, Current Mhz: 2600, Mhz Limit: 2600
Processor Information for processor 3
  Max Mhz: 2600, Current Mhz: 2600, Mhz Limit: 2600
Processor Information for processor 4
  Max Mhz: 2600, Current Mhz: 2600, Mhz Limit: 2600
Processor Information for processor 5
  Max Mhz: 2600, Current Mhz: 2600, Mhz Limit: 2600
Processor Information for processor 6
  Max Mhz: 2600, Current Mhz: 2600, Mhz Limit: 2600
Processor Information for processor 7
  Max Mhz: 2600, Current Mhz: 2003, Mhz Limit: 2600

Memory: 4k page, system-wide physical 5989M (374M free)
TotalPageFile size 24421M (AvailPageFile size 17M)
current process WorkingSet (physical memory assigned to process): 178M, peak: 178M
current process commit charge ("private bytes"): 217M, peak: 217M

vm_info: Java HotSpot(TM) 64-Bit Server VM (21.0.6+8-LTS-188) for windows-amd64 JRE (21.0.6+8-LTS-188), built on 2024-12-03T10:50:54Z by "mach5one" with MS VC++ 17.6 (VS2022)

END.
